2024/09/22 18:26:35 [notice] 36712#37772: using the "select" event method
2024/09/22 18:26:35 [notice] 36712#37772: using the "select" event method
2024/09/22 18:26:35 [notice] 36712#37772: nginx/1.26.2
2024/09/22 18:26:35 [notice] 36712#37772: nginx/1.26.2
2024/09/22 18:26:35 [info] 36712#37772: OS: 260200 build:9200, "", suite:100, type:1
2024/09/22 18:26:35 [notice] 36712#37772: start worker processes
2024/09/22 18:26:35 [notice] 36712#37772: start worker processes
2024/09/22 18:26:35 [notice] 36712#37772: start worker process 19320
2024/09/22 18:26:35 [notice] 36712#37772: start worker process 19320
2024/09/22 18:26:44 [alert] 36712#37772: the event "ngx_master_36712" was not signaled for 5s
2024/09/22 18:26:44 [alert] 36712#37772: the event "ngx_master_36712" was not signaled for 5s
2024/09/22 18:26:44 [alert] 36712#37772: the event "ngx_master_36712" was not signaled for 5s
2024/09/22 18:27:02 [notice] 10224#35676: signal process started
2024/09/22 18:27:02 [error] 10224#35676: OpenEvent("Global\ngx_stop_36712") failed (2: The system cannot find the file specified)
2024/09/22 18:27:06 [notice] 32496#13524: using the "select" event method
2024/09/22 18:27:06 [notice] 32496#13524: using the "select" event method
2024/09/22 18:27:06 [notice] 32496#13524: nginx/1.26.2
2024/09/22 18:27:06 [notice] 32496#13524: nginx/1.26.2
2024/09/22 18:27:06 [info] 32496#13524: OS: 260200 build:9200, "", suite:100, type:1
2024/09/22 18:27:06 [notice] 32496#13524: start worker processes
2024/09/22 18:27:06 [notice] 32496#13524: start worker processes
2024/09/22 18:27:06 [notice] 32496#13524: start worker process 28324
2024/09/22 18:27:06 [notice] 32496#13524: start worker process 28324
2024/09/22 18:27:14 [alert] 32496#13524: the event "ngx_master_32496" was not signaled for 5s
2024/09/22 18:27:14 [alert] 32496#13524: the event "ngx_master_32496" was not signaled for 5s
2024/09/22 18:27:14 [alert] 32496#13524: the event "ngx_master_32496" was not signaled for 5s
2024/09/22 18:28:55 [notice] 30300#40584: signal process started
2024/09/22 18:28:55 [error] 30300#40584: OpenEvent("Global\ngx_stop_32496") failed (2: The system cannot find the file specified)
2024/09/22 18:29:04 [notice] 24844#39332: signal process started
2024/09/22 18:29:04 [error] 24844#39332: OpenEvent("Global\ngx_quit_32496") failed (2: The system cannot find the file specified)
2024/09/22 18:29:15 [notice] 27568#15268: using the "select" event method
2024/09/22 18:29:15 [notice] 27568#15268: using the "select" event method
2024/09/22 18:29:15 [notice] 27568#15268: nginx/1.26.2
2024/09/22 18:29:15 [notice] 27568#15268: nginx/1.26.2
2024/09/22 18:29:15 [info] 27568#15268: OS: 260200 build:9200, "", suite:100, type:1
2024/09/22 18:29:15 [notice] 27568#15268: start worker processes
2024/09/22 18:29:15 [notice] 27568#15268: start worker processes
2024/09/22 18:29:15 [notice] 27568#15268: start worker process 31444
2024/09/22 18:29:15 [notice] 27568#15268: start worker process 31444
2024/09/22 18:29:23 [alert] 27568#15268: the event "ngx_master_27568" was not signaled for 5s
2024/09/22 18:29:23 [alert] 27568#15268: the event "ngx_master_27568" was not signaled for 5s
2024/09/22 18:29:23 [alert] 27568#15268: the event "ngx_master_27568" was not signaled for 5s
2024/09/22 18:31:25 [notice] 34752#9544: signal process started
2024/09/22 18:31:25 [error] 34752#9544: OpenEvent("Global\ngx_quit_27568") failed (2: The system cannot find the file specified)
2024/09/22 18:31:26 [notice] 27448#31828: signal process started
2024/09/22 18:31:26 [error] 27448#31828: OpenEvent("Global\ngx_quit_27568") failed (2: The system cannot find the file specified)
2024/09/22 18:31:28 [notice] 1232#40116: using the "select" event method
2024/09/22 18:31:28 [notice] 1232#40116: using the "select" event method
2024/09/22 18:31:28 [notice] 1232#40116: nginx/1.26.2
2024/09/22 18:31:28 [notice] 1232#40116: nginx/1.26.2
2024/09/22 18:31:28 [info] 1232#40116: OS: 260200 build:9200, "", suite:100, type:1
2024/09/22 18:31:28 [notice] 1232#40116: start worker processes
2024/09/22 18:31:28 [notice] 1232#40116: start worker processes
2024/09/22 18:31:28 [notice] 1232#40116: start worker process 11356
2024/09/22 18:31:28 [notice] 1232#40116: start worker process 11356
2024/09/22 18:31:28 [notice] 11356#11060: nginx/1.26.2
2024/09/22 18:31:28 [notice] 11356#11060: nginx/1.26.2
2024/09/22 18:31:28 [info] 11356#11060: OS: 260200 build:9200, "", suite:100, type:1
2024/09/22 18:31:28 [notice] 11356#11060: create thread 9760
2024/09/22 18:31:28 [notice] 11356#11060: create thread 9760
2024/09/22 18:31:28 [notice] 11356#11060: create thread 27896
2024/09/22 18:31:28 [notice] 11356#11060: create thread 27896
2024/09/22 18:31:28 [notice] 11356#11060: create thread 26280
2024/09/22 18:31:28 [notice] 11356#11060: create thread 26280
2024/09/22 18:31:44 [error] 11356#9760: *1 CreateFile() "G:\Documents\Projects\HTTPServer\src\resource_server/html/favicon.ico" failed (2: The system cannot find the file specified), client: 192.168.1.1, server: localhost, request: "GET /favicon.ico HTTP/1.1", host: "norbinet.asuscomm.com", referrer: "http://norbinet.asuscomm.com/"
2024/09/22 18:31:44 [error] 11356#9760: *1 CreateFile() "G:\Documents\Projects\HTTPServer\src\resource_server/html/favicon.ico" failed (2: The system cannot find the file specified), client: 192.168.1.1, server: localhost, request: "GET /favicon.ico HTTP/1.1", host: "norbinet.asuscomm.com", referrer: "http://norbinet.asuscomm.com/"
2024/09/22 18:31:44 [error] 11356#9760: *1 CreateFile() "G:\Documents\Projects\HTTPServer\src\resource_server/html/favicon.ico" failed (2: The system cannot find the file specified), client: 192.168.1.1, server: localhost, request: "GET /favicon.ico HTTP/1.1", host: "norbinet.asuscomm.com", referrer: "http://norbinet.asuscomm.com/"
2024/09/22 18:34:19 [notice] 8364#2628: signal process started
2024/09/22 18:34:25 [notice] 27236#36900: using the "select" event method
2024/09/22 18:34:25 [notice] 27236#36900: using the "select" event method
2024/09/22 18:34:25 [notice] 27236#36900: nginx/1.26.2
2024/09/22 18:34:25 [notice] 27236#36900: nginx/1.26.2
2024/09/22 18:34:25 [info] 27236#36900: OS: 260200 build:9200, "", suite:100, type:1
2024/09/22 18:34:25 [notice] 27236#36900: start worker processes
2024/09/22 18:34:25 [notice] 27236#36900: start worker processes
2024/09/22 18:34:25 [notice] 27236#36900: start worker process 39364
2024/09/22 18:34:25 [notice] 27236#36900: start worker process 39364
2024/09/22 18:34:25 [notice] 39364#37924: nginx/1.26.2
2024/09/22 18:34:25 [notice] 39364#37924: nginx/1.26.2
2024/09/22 18:34:25 [info] 39364#37924: OS: 260200 build:9200, "", suite:100, type:1
2024/09/22 18:34:25 [notice] 39364#37924: create thread 22256
2024/09/22 18:34:25 [notice] 39364#37924: create thread 22256
2024/09/22 18:34:25 [notice] 39364#37924: create thread 17372
2024/09/22 18:34:25 [notice] 39364#37924: create thread 17372
2024/09/22 18:34:25 [notice] 39364#37924: create thread 8056
2024/09/22 18:34:25 [notice] 39364#37924: create thread 8056
2024/09/22 18:36:03 [notice] 37936#39368: signal process started
2024/09/22 18:36:03 [notice] 27236#36900: shutting down
2024/09/22 18:36:03 [notice] 27236#36900: shutting down
2024/09/22 18:36:03 [notice] 39364#37924: gracefully shutting down
2024/09/22 18:36:03 [notice] 39364#37924: gracefully shutting down
2024/09/22 18:36:03 [notice] 39364#17372: exiting
2024/09/22 18:36:03 [notice] 39364#17372: exiting
2024/09/22 18:36:03 [notice] 39364#22256: exiting
2024/09/22 18:36:03 [notice] 39364#22256: exiting
2024/09/22 18:36:03 [notice] 39364#37924: exit
2024/09/22 18:36:03 [notice] 39364#37924: exit
2024/09/22 18:36:03 [notice] 27236#36900: worker process 39364 exited with code 0
2024/09/22 18:36:03 [notice] 27236#36900: worker process 39364 exited with code 0
2024/09/22 18:36:03 [notice] 27236#36900: exit
2024/09/22 18:36:03 [notice] 27236#36900: exit
2024/09/22 18:38:21 [emerg] 10384#15852: cannot load certificate "G:\Documents\Projects\HTTPServer\web/conf/../../cert/dhparam.pem": PEM_read_bio_X509_AUX() failed (SSL: error:0480006C:PEM routines::no start line:Expecting: TRUSTED CERTIFICATE)
2024/09/22 18:38:26 [emerg] 17256#10964: cannot load certificate "G:\Documents\Projects\HTTPServer\web/conf/../../cert/dhparam.pem": PEM_read_bio_X509_AUX() failed (SSL: error:0480006C:PEM routines::no start line:Expecting: TRUSTED CERTIFICATE)
2024/09/22 18:40:48 [notice] 31140#23992: signal process started
2024/09/22 18:40:48 [error] 31140#23992: CreateFile() "G:\Documents\Projects\HTTPServer\web/logs/nginx.pid" failed (2: The system cannot find the file specified)
2024/09/22 18:40:55 [notice] 23908#38780: using the "select" event method
2024/09/22 18:40:55 [notice] 23908#38780: using the "select" event method
2024/09/22 18:40:55 [notice] 23908#38780: nginx/1.26.2
2024/09/22 18:40:55 [notice] 23908#38780: nginx/1.26.2
2024/09/22 18:40:55 [info] 23908#38780: OS: 260200 build:9200, "", suite:100, type:1
2024/09/22 18:40:55 [notice] 23908#38780: start worker processes
2024/09/22 18:40:55 [notice] 23908#38780: start worker processes
2024/09/22 18:40:55 [notice] 23908#38780: start worker process 24692
2024/09/22 18:40:55 [notice] 23908#38780: start worker process 24692
2024/09/22 18:41:03 [alert] 23908#38780: the event "ngx_master_23908" was not signaled for 5s
2024/09/22 18:41:03 [alert] 23908#38780: the event "ngx_master_23908" was not signaled for 5s
2024/09/22 18:41:03 [alert] 23908#38780: the event "ngx_master_23908" was not signaled for 5s
2024/09/22 18:46:12 [notice] 3416#40104: signal process started
2024/09/22 18:46:12 [error] 3416#40104: OpenEvent("Global\ngx_reload_23908") failed (2: The system cannot find the file specified)
2024/09/22 18:46:17 [notice] 16436#6952: signal process started
2024/09/22 18:46:17 [error] 16436#6952: OpenEvent("Global\ngx_reload_23908") failed (2: The system cannot find the file specified)
2024/09/22 18:47:15 [emerg] 15444#14064: unknown log format "main" in G:\Documents\Projects\HTTPServer\web/conf/nginx.conf:54
2024/09/22 18:47:17 [emerg] 11084#31420: unknown log format "main" in G:\Documents\Projects\HTTPServer\web/conf/nginx.conf:54
2024/09/22 18:51:36 [notice] 26768#8680: using the "select" event method
2024/09/22 18:51:36 [notice] 26768#8680: using the "select" event method
2024/09/22 18:51:36 [notice] 26768#8680: nginx/1.26.2
2024/09/22 18:51:36 [notice] 26768#8680: nginx/1.26.2
2024/09/22 18:51:36 [info] 26768#8680: OS: 260200 build:9200, "", suite:100, type:1
2024/09/22 18:51:36 [notice] 26768#8680: start worker processes
2024/09/22 18:51:36 [notice] 26768#8680: start worker processes
2024/09/22 18:51:36 [notice] 26768#8680: start worker process 5632
2024/09/22 18:51:36 [notice] 26768#8680: start worker process 5632
2024/09/22 18:51:44 [alert] 26768#8680: the event "ngx_master_26768" was not signaled for 5s
2024/09/22 18:51:44 [alert] 26768#8680: the event "ngx_master_26768" was not signaled for 5s
2024/09/22 18:51:44 [alert] 26768#8680: the event "ngx_master_26768" was not signaled for 5s
2024/09/22 18:53:05 [notice] 17448#20988: using the "select" event method
2024/09/22 18:53:05 [notice] 17448#20988: using the "select" event method
2024/09/22 18:53:05 [notice] 17448#20988: nginx/1.26.2
2024/09/22 18:53:05 [notice] 17448#20988: nginx/1.26.2
2024/09/22 18:53:05 [info] 17448#20988: OS: 260200 build:9200, "", suite:100, type:1
2024/09/22 18:53:05 [notice] 17448#20988: start worker processes
2024/09/22 18:53:05 [notice] 17448#20988: start worker processes
2024/09/22 18:53:05 [notice] 17448#20988: start worker process 37420
2024/09/22 18:53:05 [notice] 17448#20988: start worker process 37420
2024/09/22 18:53:13 [alert] 17448#20988: the event "ngx_master_17448" was not signaled for 5s
2024/09/22 18:53:13 [alert] 17448#20988: the event "ngx_master_17448" was not signaled for 5s
2024/09/22 18:53:13 [alert] 17448#20988: the event "ngx_master_17448" was not signaled for 5s
2024/09/22 18:58:56 [emerg] 40828#35156: cannot load certificate key "G:\Documents\Projects\HTTPServer\web/conf/../../cert/key.key": PEM_read_bio_PrivateKey() failed (SSL: error:1C800064:Provider routines::bad decrypt error:04800065:PEM routines::bad decrypt)
2024/09/22 18:59:00 [emerg] 33156#1680: cannot load certificate key "G:\Documents\Projects\HTTPServer\web/conf/../../cert/key.key": PEM_read_bio_PrivateKey() failed (SSL: error:1C800064:Provider routines::bad decrypt error:04800065:PEM routines::bad decrypt)
2024/09/22 18:59:04 [emerg] 36364#20892: cannot load certificate key "G:\Documents\Projects\HTTPServer\web/conf/../../cert/key.key": PEM_read_bio_PrivateKey() failed (SSL: error:1C800064:Provider routines::bad decrypt error:04800065:PEM routines::bad decrypt)
2024/09/22 18:59:06 [emerg] 39840#14504: cannot load certificate key "G:\Documents\Projects\HTTPServer\web/conf/../../cert/key.key": PEM_read_bio_PrivateKey() failed (SSL: error:1C800064:Provider routines::bad decrypt error:04800065:PEM routines::bad decrypt)
2024/09/22 18:59:09 [notice] 40524#40044: using the "select" event method
2024/09/22 18:59:09 [notice] 40524#40044: using the "select" event method
2024/09/22 18:59:09 [notice] 40524#40044: nginx/1.26.2
2024/09/22 18:59:09 [notice] 40524#40044: nginx/1.26.2
2024/09/22 18:59:09 [info] 40524#40044: OS: 260200 build:9200, "", suite:100, type:1
2024/09/22 18:59:09 [notice] 40524#40044: start worker processes
2024/09/22 18:59:09 [notice] 40524#40044: start worker processes
2024/09/22 18:59:09 [notice] 40524#40044: start worker process 12608
2024/09/22 18:59:09 [notice] 40524#40044: start worker process 12608
2024/09/22 18:59:16 [alert] 40524#40044: the event "ngx_master_40524" was not signaled for 5s
2024/09/22 18:59:16 [alert] 40524#40044: the event "ngx_master_40524" was not signaled for 5s
2024/09/22 18:59:16 [alert] 40524#40044: the event "ngx_master_40524" was not signaled for 5s
2024/09/22 19:13:47 [notice] 34552#36616: signal process started
2024/09/22 19:13:47 [error] 34552#36616: OpenEvent("Global\ngx_quit_40524") failed (2: The system cannot find the file specified)
2024/09/22 19:13:55 [notice] 27444#6760: using the "select" event method
2024/09/22 19:13:55 [notice] 27444#6760: using the "select" event method
2024/09/22 19:13:55 [notice] 27444#6760: nginx/1.26.2
2024/09/22 19:13:55 [notice] 27444#6760: nginx/1.26.2
2024/09/22 19:13:55 [info] 27444#6760: OS: 260200 build:9200, "", suite:100, type:1
2024/09/22 19:13:55 [notice] 27444#6760: start worker processes
2024/09/22 19:13:55 [notice] 27444#6760: start worker processes
2024/09/22 19:13:55 [notice] 27444#6760: start worker process 16080
2024/09/22 19:13:55 [notice] 27444#6760: start worker process 16080
2024/09/22 19:13:55 [notice] 16080#17372: nginx/1.26.2
2024/09/22 19:13:55 [notice] 16080#17372: nginx/1.26.2
2024/09/22 19:13:55 [info] 16080#17372: OS: 260200 build:9200, "", suite:100, type:1
2024/09/22 19:13:55 [notice] 16080#17372: create thread 23188
2024/09/22 19:13:55 [notice] 16080#17372: create thread 23188
2024/09/22 19:13:55 [notice] 16080#17372: create thread 39380
2024/09/22 19:13:55 [notice] 16080#17372: create thread 39380
2024/09/22 19:13:55 [notice] 16080#17372: create thread 35112
2024/09/22 19:13:55 [notice] 16080#17372: create thread 35112
2024/09/22 19:15:16 [notice] 37604#17588: signal process started
2024/09/22 19:15:16 [notice] 27444#6760: shutting down
2024/09/22 19:15:16 [notice] 27444#6760: shutting down
2024/09/22 19:15:16 [notice] 16080#17372: gracefully shutting down
2024/09/22 19:15:16 [notice] 16080#17372: gracefully shutting down
2024/09/22 19:15:16 [notice] 16080#39380: exiting
2024/09/22 19:15:16 [notice] 16080#39380: exiting
2024/09/22 19:15:16 [notice] 16080#23188: exiting
2024/09/22 19:15:16 [notice] 16080#23188: exiting
2024/09/22 19:15:16 [notice] 16080#17372: exit
2024/09/22 19:15:16 [notice] 16080#17372: exit
2024/09/22 19:15:16 [notice] 27444#6760: worker process 16080 exited with code 0
2024/09/22 19:15:16 [notice] 27444#6760: worker process 16080 exited with code 0
2024/09/22 19:15:16 [notice] 27444#6760: exit
2024/09/22 19:15:16 [notice] 27444#6760: exit
2024/09/22 19:15:19 [notice] 27284#37456: using the "select" event method
2024/09/22 19:15:19 [notice] 27284#37456: using the "select" event method
2024/09/22 19:15:19 [notice] 27284#37456: nginx/1.26.2
2024/09/22 19:15:19 [notice] 27284#37456: nginx/1.26.2
2024/09/22 19:15:19 [info] 27284#37456: OS: 260200 build:9200, "", suite:100, type:1
2024/09/22 19:15:19 [notice] 27284#37456: start worker processes
2024/09/22 19:15:19 [notice] 27284#37456: start worker processes
2024/09/22 19:15:19 [notice] 27284#37456: start worker process 25900
2024/09/22 19:15:19 [notice] 27284#37456: start worker process 25900
2024/09/22 19:15:19 [notice] 25900#8600: nginx/1.26.2
2024/09/22 19:15:19 [notice] 25900#8600: nginx/1.26.2
2024/09/22 19:15:19 [info] 25900#8600: OS: 260200 build:9200, "", suite:100, type:1
2024/09/22 19:15:19 [notice] 25900#8600: create thread 39720
2024/09/22 19:15:19 [notice] 25900#8600: create thread 39720
2024/09/22 19:15:19 [notice] 25900#8600: create thread 23016
2024/09/22 19:15:19 [notice] 25900#8600: create thread 23016
2024/09/22 19:15:19 [notice] 25900#8600: create thread 27928
2024/09/22 19:15:19 [notice] 25900#8600: create thread 27928
2024/09/22 19:15:25 [info] 25900#39720: *1 SSL_do_handshake() failed (SSL: error:0A000416:SSL routines::sslv3 alert certificate unknown:SSL alert number 46) while SSL handshaking, client: 192.168.1.1, server: 0.0.0.0:443
2024/09/22 19:15:27 [info] 25900#39720: *2 SSL_do_handshake() failed (SSL: error:0A000416:SSL routines::sslv3 alert certificate unknown:SSL alert number 46) while SSL handshaking, client: 192.168.1.1, server: 0.0.0.0:443
2024/09/22 19:15:27 [info] 25900#39720: *4 SSL_do_handshake() failed (SSL: error:0A000416:SSL routines::sslv3 alert certificate unknown:SSL alert number 46) while SSL handshaking, client: 192.168.1.1, server: 0.0.0.0:443
2024/09/22 19:15:27 [info] 25900#39720: *5 SSL_do_handshake() failed (SSL: error:0A000416:SSL routines::sslv3 alert certificate unknown:SSL alert number 46) while SSL handshaking, client: 192.168.1.1, server: 0.0.0.0:443
2024/09/22 19:15:27 [info] 25900#39720: *7 SSL_do_handshake() failed (SSL: error:0A000416:SSL routines::sslv3 alert certificate unknown:SSL alert number 46) while SSL handshaking, client: 192.168.1.1, server: 0.0.0.0:443
2024/09/22 19:15:28 [info] 25900#39720: *9 SSL_do_handshake() failed (SSL: error:0A000416:SSL routines::sslv3 alert certificate unknown:SSL alert number 46) while SSL handshaking, client: 192.168.1.1, server: 0.0.0.0:443
2024/09/22 19:16:27 [info] 25900#39720: *8 client timed out (10060: A connection attempt failed because the connected party did not properly respond after a period of time, or established connection failed because connected host has failed to respond) while waiting for request, client: 192.168.1.1, server: 0.0.0.0:443
2024/09/22 19:26:04 [info] 25900#39720: *11 SSL_do_handshake() failed (SSL: error:0A000416:SSL routines::sslv3 alert certificate unknown:SSL alert number 46) while SSL handshaking, client: 192.168.1.1, server: 0.0.0.0:443
2024/09/22 19:26:04 [error] 25900#39720: *12 CreateFile() "G:\Documents\Projects\HTTPServer\web/html/login" failed (2: The system cannot find the file specified), client: 192.168.1.1, server: localhost, request: "POST /login HTTP/1.1", host: "norbinet.asuscomm.com", referrer: "https://norbinet.asuscomm.com/"
2024/09/22 19:26:04 [error] 25900#39720: *12 CreateFile() "G:\Documents\Projects\HTTPServer\web/html/login" failed (2: The system cannot find the file specified), client: 192.168.1.1, server: localhost, request: "POST /login HTTP/1.1", host: "norbinet.asuscomm.com", referrer: "https://norbinet.asuscomm.com/"
2024/09/22 19:26:04 [error] 25900#39720: *12 CreateFile() "G:\Documents\Projects\HTTPServer\web/html/login" failed (2: The system cannot find the file specified), client: 192.168.1.1, server: localhost, request: "POST /login HTTP/1.1", host: "norbinet.asuscomm.com", referrer: "https://norbinet.asuscomm.com/"
2024/09/22 19:27:12 [notice] 34612#22280: signal process started
2024/09/22 19:27:12 [notice] 27284#37456: reconfiguring
2024/09/22 19:27:12 [notice] 27284#37456: reconfiguring
2024/09/22 19:27:12 [notice] 27284#37456: using the "select" event method
2024/09/22 19:27:12 [notice] 27284#37456: using the "select" event method
2024/09/22 19:27:12 [notice] 27284#37456: start worker processes
2024/09/22 19:27:12 [notice] 27284#37456: start worker processes
2024/09/22 19:27:12 [notice] 27284#37456: start worker process 8172
2024/09/22 19:27:12 [notice] 27284#37456: start worker process 8172
2024/09/22 19:27:12 [notice] 8172#18724: nginx/1.26.2
2024/09/22 19:27:12 [notice] 8172#18724: nginx/1.26.2
2024/09/22 19:27:12 [info] 8172#18724: OS: 260200 build:9200, "", suite:100, type:1
2024/09/22 19:27:12 [notice] 25900#8600: gracefully shutting down
2024/09/22 19:27:12 [notice] 25900#8600: gracefully shutting down
2024/09/22 19:27:12 [notice] 8172#18724: create thread 34532
2024/09/22 19:27:12 [notice] 8172#18724: create thread 34532
2024/09/22 19:27:12 [notice] 25900#23016: exiting
2024/09/22 19:27:12 [notice] 25900#23016: exiting
2024/09/22 19:27:12 [notice] 8172#18724: create thread 28152
2024/09/22 19:27:12 [notice] 8172#18724: create thread 28152
2024/09/22 19:27:12 [notice] 8172#18724: create thread 35104
2024/09/22 19:27:12 [notice] 8172#18724: create thread 35104
2024/09/22 19:27:13 [notice] 25900#39720: exiting
2024/09/22 19:27:13 [notice] 25900#39720: exiting
2024/09/22 19:27:13 [notice] 25900#8600: exit
2024/09/22 19:27:13 [notice] 25900#8600: exit
2024/09/22 19:27:13 [notice] 27284#37456: worker process 25900 exited with code 0
2024/09/22 19:27:13 [notice] 27284#37456: worker process 25900 exited with code 0
2024/09/22 19:27:15 [info] 8172#34532: *13 SSL_do_handshake() failed (SSL: error:0A000416:SSL routines::sslv3 alert certificate unknown:SSL alert number 46) while SSL handshaking, client: 192.168.1.1, server: 0.0.0.0:443
2024/09/22 19:27:18 [error] 8172#34532: *14 CreateFile() "G:\Documents\Projects\HTTPServer\web/html/login" failed (2: The system cannot find the file specified), client: 192.168.1.1, server: localhost, request: "POST /login HTTP/1.1", host: "norbinet.asuscomm.com", referrer: "https://norbinet.asuscomm.com/"
2024/09/22 19:27:18 [error] 8172#34532: *14 CreateFile() "G:\Documents\Projects\HTTPServer\web/html/login" failed (2: The system cannot find the file specified), client: 192.168.1.1, server: localhost, request: "POST /login HTTP/1.1", host: "norbinet.asuscomm.com", referrer: "https://norbinet.asuscomm.com/"
2024/09/22 19:27:18 [error] 8172#34532: *14 CreateFile() "G:\Documents\Projects\HTTPServer\web/html/login" failed (2: The system cannot find the file specified), client: 192.168.1.1, server: localhost, request: "POST /login HTTP/1.1", host: "norbinet.asuscomm.com", referrer: "https://norbinet.asuscomm.com/"
2024/09/22 19:27:36 [error] 8172#34532: *14 CreateFile() "G:\Documents\Projects\HTTPServer\web/html/login" failed (2: The system cannot find the file specified), client: 192.168.1.1, server: localhost, request: "POST /login HTTP/1.1", host: "norbinet.asuscomm.com", referrer: "https://norbinet.asuscomm.com/"
2024/09/22 19:27:36 [error] 8172#34532: *14 CreateFile() "G:\Documents\Projects\HTTPServer\web/html/login" failed (2: The system cannot find the file specified), client: 192.168.1.1, server: localhost, request: "POST /login HTTP/1.1", host: "norbinet.asuscomm.com", referrer: "https://norbinet.asuscomm.com/"
2024/09/22 19:27:36 [error] 8172#34532: *14 CreateFile() "G:\Documents\Projects\HTTPServer\web/html/login" failed (2: The system cannot find the file specified), client: 192.168.1.1, server: localhost, request: "POST /login HTTP/1.1", host: "norbinet.asuscomm.com", referrer: "https://norbinet.asuscomm.com/"
2024/09/22 19:28:18 [notice] 35820#17968: signal process started
2024/09/22 19:28:18 [notice] 27284#37456: shutting down
2024/09/22 19:28:18 [notice] 27284#37456: shutting down
2024/09/22 19:28:18 [notice] 8172#18724: gracefully shutting down
2024/09/22 19:28:18 [notice] 8172#18724: gracefully shutting down
2024/09/22 19:28:18 [notice] 8172#28152: exiting
2024/09/22 19:28:18 [notice] 8172#28152: exiting
2024/09/22 19:28:18 [notice] 8172#34532: exiting
2024/09/22 19:28:18 [notice] 8172#34532: exiting
2024/09/22 19:28:18 [notice] 8172#18724: exit
2024/09/22 19:28:18 [notice] 8172#18724: exit
2024/09/22 19:28:18 [notice] 27284#37456: worker process 8172 exited with code 0
2024/09/22 19:28:18 [notice] 27284#37456: worker process 8172 exited with code 0
2024/09/22 19:28:18 [notice] 27284#37456: exit
2024/09/22 19:28:18 [notice] 27284#37456: exit
2024/09/22 19:28:23 [notice] 24152#3912: using the "select" event method
2024/09/22 19:28:23 [notice] 24152#3912: using the "select" event method
2024/09/22 19:28:23 [notice] 24152#3912: nginx/1.26.2
2024/09/22 19:28:23 [notice] 24152#3912: nginx/1.26.2
2024/09/22 19:28:23 [info] 24152#3912: OS: 260200 build:9200, "", suite:100, type:1
2024/09/22 19:28:23 [notice] 24152#3912: start worker processes
2024/09/22 19:28:23 [notice] 24152#3912: start worker processes
2024/09/22 19:28:23 [notice] 24152#3912: start worker process 2588
2024/09/22 19:28:23 [notice] 24152#3912: start worker process 2588
2024/09/22 19:28:23 [notice] 2588#25900: nginx/1.26.2
2024/09/22 19:28:23 [notice] 2588#25900: nginx/1.26.2
2024/09/22 19:28:23 [info] 2588#25900: OS: 260200 build:9200, "", suite:100, type:1
2024/09/22 19:28:23 [notice] 2588#25900: create thread 3956
2024/09/22 19:28:23 [notice] 2588#25900: create thread 3956
2024/09/22 19:28:23 [notice] 2588#25900: create thread 22336
2024/09/22 19:28:23 [notice] 2588#25900: create thread 22336
2024/09/22 19:28:23 [notice] 2588#25900: create thread 35100
2024/09/22 19:28:23 [notice] 2588#25900: create thread 35100
2024/09/22 19:28:25 [info] 2588#3956: *1 SSL_do_handshake() failed (SSL: error:0A000416:SSL routines::sslv3 alert certificate unknown:SSL alert number 46) while SSL handshaking, client: 192.168.1.1, server: 0.0.0.0:443
2024/09/22 19:28:28 [error] 2588#3956: *2 CreateFile() "G:\Documents\Projects\HTTPServer\web/html/login" failed (2: The system cannot find the file specified), client: 192.168.1.1, server: localhost, request: "POST /login HTTP/1.1", host: "norbinet.asuscomm.com", referrer: "https://norbinet.asuscomm.com/"
2024/09/22 19:28:28 [error] 2588#3956: *2 CreateFile() "G:\Documents\Projects\HTTPServer\web/html/login" failed (2: The system cannot find the file specified), client: 192.168.1.1, server: localhost, request: "POST /login HTTP/1.1", host: "norbinet.asuscomm.com", referrer: "https://norbinet.asuscomm.com/"
2024/09/22 19:28:28 [error] 2588#3956: *2 CreateFile() "G:\Documents\Projects\HTTPServer\web/html/login" failed (2: The system cannot find the file specified), client: 192.168.1.1, server: localhost, request: "POST /login HTTP/1.1", host: "norbinet.asuscomm.com", referrer: "https://norbinet.asuscomm.com/"
2024/09/22 19:29:12 [error] 2588#3956: *2 CreateFile() "G:\Documents\Projects\HTTPServer\web/html/login" failed (2: The system cannot find the file specified), client: 192.168.1.1, server: localhost, request: "POST /login HTTP/1.1", host: "norbinet.asuscomm.com", referrer: "https://norbinet.asuscomm.com/"
2024/09/22 19:29:12 [error] 2588#3956: *2 CreateFile() "G:\Documents\Projects\HTTPServer\web/html/login" failed (2: The system cannot find the file specified), client: 192.168.1.1, server: localhost, request: "POST /login HTTP/1.1", host: "norbinet.asuscomm.com", referrer: "https://norbinet.asuscomm.com/"
2024/09/22 19:29:12 [error] 2588#3956: *2 CreateFile() "G:\Documents\Projects\HTTPServer\web/html/login" failed (2: The system cannot find the file specified), client: 192.168.1.1, server: localhost, request: "POST /login HTTP/1.1", host: "norbinet.asuscomm.com", referrer: "https://norbinet.asuscomm.com/"
2024/09/22 19:29:42 [error] 2588#3956: *2 CreateFile() "G:\Documents\Projects\HTTPServer\web/html/login" failed (2: The system cannot find the file specified), client: 192.168.1.1, server: localhost, request: "POST /login HTTP/1.1", host: "norbinet.asuscomm.com", referrer: "https://norbinet.asuscomm.com/"
2024/09/22 19:29:42 [error] 2588#3956: *2 CreateFile() "G:\Documents\Projects\HTTPServer\web/html/login" failed (2: The system cannot find the file specified), client: 192.168.1.1, server: localhost, request: "POST /login HTTP/1.1", host: "norbinet.asuscomm.com", referrer: "https://norbinet.asuscomm.com/"
2024/09/22 19:29:42 [error] 2588#3956: *2 CreateFile() "G:\Documents\Projects\HTTPServer\web/html/login" failed (2: The system cannot find the file specified), client: 192.168.1.1, server: localhost, request: "POST /login HTTP/1.1", host: "norbinet.asuscomm.com", referrer: "https://norbinet.asuscomm.com/"
2024/09/22 19:30:48 [info] 2588#3956: *3 SSL_do_handshake() failed (SSL: error:0A000416:SSL routines::sslv3 alert certificate unknown:SSL alert number 46) while SSL handshaking, client: 192.168.1.1, server: 0.0.0.0:443
2024/09/22 19:30:48 [info] 2588#3956: *4 SSL_do_handshake() failed (SSL: error:0A000416:SSL routines::sslv3 alert certificate unknown:SSL alert number 46) while SSL handshaking, client: 192.168.1.1, server: 0.0.0.0:443
2024/09/22 19:30:48 [info] 2588#3956: *6 SSL_do_handshake() failed (SSL: error:0A000416:SSL routines::sslv3 alert certificate unknown:SSL alert number 46) while SSL handshaking, client: 192.168.1.1, server: 0.0.0.0:443
2024/09/22 19:30:48 [info] 2588#3956: *7 SSL_do_handshake() failed (SSL: error:0A000416:SSL routines::sslv3 alert certificate unknown:SSL alert number 46) while SSL handshaking, client: 192.168.1.1, server: 0.0.0.0:443
2024/09/22 19:31:01 [error] 2588#3956: *5 connect() failed (10061: No connection could be made because the target machine actively refused it) while connecting to upstream, client: 192.168.1.1, server: localhost, request: "POST /api/login HTTP/1.1", upstream: "https://[::1]:8080/api/login", host: "norbinet.asuscomm.com", referrer: "https://norbinet.asuscomm.com/"
2024/09/22 19:31:01 [error] 2588#3956: *5 connect() failed (10061: No connection could be made because the target machine actively refused it) while connecting to upstream, client: 192.168.1.1, server: localhost, request: "POST /api/login HTTP/1.1", upstream: "https://[::1]:8080/api/login", host: "norbinet.asuscomm.com", referrer: "https://norbinet.asuscomm.com/"
2024/09/22 19:31:01 [error] 2588#3956: *5 connect() failed (10061: No connection could be made because the target machine actively refused it) while connecting to upstream, client: 192.168.1.1, server: localhost, request: "POST /api/login HTTP/1.1", upstream: "https://[::1]:8080/api/login", host: "norbinet.asuscomm.com", referrer: "https://norbinet.asuscomm.com/"
2024/09/22 19:31:01 [warn] 2588#3956: *5 upstream server temporarily disabled while connecting to upstream, client: 192.168.1.1, server: localhost, request: "POST /api/login HTTP/1.1", upstream: "https://[::1]:8080/api/login", host: "norbinet.asuscomm.com", referrer: "https://norbinet.asuscomm.com/"
2024/09/22 19:31:01 [warn] 2588#3956: *5 upstream server temporarily disabled while connecting to upstream, client: 192.168.1.1, server: localhost, request: "POST /api/login HTTP/1.1", upstream: "https://[::1]:8080/api/login", host: "norbinet.asuscomm.com", referrer: "https://norbinet.asuscomm.com/"
2024/09/22 19:31:48 [info] 2588#3956: *8 client timed out (10060: A connection attempt failed because the connected party did not properly respond after a period of time, or established connection failed because connected host has failed to respond) while waiting for request, client: 192.168.1.1, server: 0.0.0.0:443
2024/09/22 19:31:48 [info] 2588#3956: *9 client timed out (10060: A connection attempt failed because the connected party did not properly respond after a period of time, or established connection failed because connected host has failed to respond) while waiting for request, client: 192.168.1.1, server: 0.0.0.0:443
2024/09/22 19:31:55 [info] 2588#3956: *12 SSL_do_handshake() failed (SSL: error:0A000416:SSL routines::sslv3 alert certificate unknown:SSL alert number 46) while SSL handshaking, client: 192.168.1.1, server: 0.0.0.0:443
2024/09/22 19:31:55 [info] 2588#3956: *13 client 192.168.1.1 closed keepalive connection
2024/09/22 19:33:23 [notice] 39864#33032: signal process started
2024/09/22 19:33:23 [notice] 24152#3912: shutting down
2024/09/22 19:33:23 [notice] 24152#3912: shutting down
2024/09/22 19:33:23 [notice] 2588#25900: gracefully shutting down
2024/09/22 19:33:23 [notice] 2588#25900: gracefully shutting down
2024/09/22 19:33:23 [notice] 2588#22336: exiting
2024/09/22 19:33:23 [notice] 2588#22336: exiting
2024/09/22 19:33:23 [notice] 2588#3956: exiting
2024/09/22 19:33:23 [notice] 2588#3956: exiting
2024/09/22 19:33:23 [notice] 2588#25900: exit
2024/09/22 19:33:23 [notice] 2588#25900: exit
2024/09/22 19:33:23 [notice] 24152#3912: worker process 2588 exited with code 0
2024/09/22 19:33:23 [notice] 24152#3912: worker process 2588 exited with code 0
2024/09/22 19:33:23 [notice] 24152#3912: exit
2024/09/22 19:33:23 [notice] 24152#3912: exit
2024/09/22 19:33:25 [notice] 30412#40852: using the "select" event method
2024/09/22 19:33:25 [notice] 30412#40852: using the "select" event method
2024/09/22 19:33:25 [notice] 30412#40852: nginx/1.26.2
2024/09/22 19:33:25 [notice] 30412#40852: nginx/1.26.2
2024/09/22 19:33:25 [info] 30412#40852: OS: 260200 build:9200, "", suite:100, type:1
2024/09/22 19:33:25 [notice] 30412#40852: start worker processes
2024/09/22 19:33:25 [notice] 30412#40852: start worker processes
2024/09/22 19:33:25 [notice] 30412#40852: start worker process 36988
2024/09/22 19:33:25 [notice] 30412#40852: start worker process 36988
2024/09/22 19:33:25 [notice] 36988#39412: nginx/1.26.2
2024/09/22 19:33:25 [notice] 36988#39412: nginx/1.26.2
2024/09/22 19:33:25 [info] 36988#39412: OS: 260200 build:9200, "", suite:100, type:1
2024/09/22 19:33:25 [notice] 36988#39412: create thread 3760
2024/09/22 19:33:25 [notice] 36988#39412: create thread 3760
2024/09/22 19:33:25 [notice] 36988#39412: create thread 40596
2024/09/22 19:33:25 [notice] 36988#39412: create thread 40596
2024/09/22 19:33:25 [notice] 36988#39412: create thread 40644
2024/09/22 19:33:25 [notice] 36988#39412: create thread 40644
2024/09/22 19:33:27 [info] 36988#3760: *1 SSL_do_handshake() failed (SSL: error:0A000416:SSL routines::sslv3 alert certificate unknown:SSL alert number 46) while SSL handshaking, client: 192.168.1.1, server: 0.0.0.0:443
2024/09/22 19:33:27 [error] 36988#3760: *2 CreateFile() "G:\Documents\Projects\HTTPServer\web/html/api/login" failed (3: The system cannot find the path specified), client: 192.168.1.1, server: localhost, request: "POST /api/login HTTP/1.1", host: "norbinet.asuscomm.com", referrer: "https://norbinet.asuscomm.com/"
2024/09/22 19:33:27 [error] 36988#3760: *2 CreateFile() "G:\Documents\Projects\HTTPServer\web/html/api/login" failed (3: The system cannot find the path specified), client: 192.168.1.1, server: localhost, request: "POST /api/login HTTP/1.1", host: "norbinet.asuscomm.com", referrer: "https://norbinet.asuscomm.com/"
2024/09/22 19:33:27 [error] 36988#3760: *2 CreateFile() "G:\Documents\Projects\HTTPServer\web/html/api/login" failed (3: The system cannot find the path specified), client: 192.168.1.1, server: localhost, request: "POST /api/login HTTP/1.1", host: "norbinet.asuscomm.com", referrer: "https://norbinet.asuscomm.com/"
2024/09/22 19:39:45 [info] 36988#3760: *3 SSL_do_handshake() failed (SSL: error:0A000416:SSL routines::sslv3 alert certificate unknown:SSL alert number 46) while SSL handshaking, client: 192.168.1.1, server: 0.0.0.0:443
2024/09/22 19:39:46 [info] 36988#3760: *5 SSL_do_handshake() failed (SSL: error:0A000416:SSL routines::sslv3 alert certificate unknown:SSL alert number 46) while SSL handshaking, client: 192.168.1.1, server: 0.0.0.0:443
2024/09/22 19:39:48 [error] 36988#3760: *4 CreateFile() "G:\Documents\Projects\HTTPServer\web/html/api/login" failed (3: The system cannot find the path specified), client: 192.168.1.1, server: localhost, request: "POST /api/login HTTP/1.1", host: "norbinet.asuscomm.com", referrer: "https://norbinet.asuscomm.com/"
2024/09/22 19:39:48 [error] 36988#3760: *4 CreateFile() "G:\Documents\Projects\HTTPServer\web/html/api/login" failed (3: The system cannot find the path specified), client: 192.168.1.1, server: localhost, request: "POST /api/login HTTP/1.1", host: "norbinet.asuscomm.com", referrer: "https://norbinet.asuscomm.com/"
2024/09/22 19:39:48 [error] 36988#3760: *4 CreateFile() "G:\Documents\Projects\HTTPServer\web/html/api/login" failed (3: The system cannot find the path specified), client: 192.168.1.1, server: localhost, request: "POST /api/login HTTP/1.1", host: "norbinet.asuscomm.com", referrer: "https://norbinet.asuscomm.com/"
2024/09/22 19:43:32 [notice] 8952#29028: signal process started
2024/09/22 19:43:32 [notice] 30412#40852: shutting down
2024/09/22 19:43:32 [notice] 30412#40852: shutting down
2024/09/22 19:43:32 [notice] 36988#39412: gracefully shutting down
2024/09/22 19:43:32 [notice] 36988#39412: gracefully shutting down
2024/09/22 19:43:32 [notice] 36988#40596: exiting
2024/09/22 19:43:32 [notice] 36988#40596: exiting
2024/09/22 19:43:32 [notice] 36988#3760: exiting
2024/09/22 19:43:32 [notice] 36988#3760: exiting
2024/09/22 19:43:32 [notice] 36988#39412: exit
2024/09/22 19:43:32 [notice] 36988#39412: exit
2024/09/22 19:43:32 [notice] 30412#40852: worker process 36988 exited with code 0
2024/09/22 19:43:32 [notice] 30412#40852: worker process 36988 exited with code 0
2024/09/22 19:43:32 [notice] 30412#40852: exit
2024/09/22 19:43:32 [notice] 30412#40852: exit
2024/09/22 19:43:33 [notice] 30472#36396: using the "select" event method
2024/09/22 19:43:33 [notice] 30472#36396: using the "select" event method
2024/09/22 19:43:33 [notice] 30472#36396: nginx/1.26.2
2024/09/22 19:43:33 [notice] 30472#36396: nginx/1.26.2
2024/09/22 19:43:33 [info] 30472#36396: OS: 260200 build:9200, "", suite:100, type:1
2024/09/22 19:43:33 [notice] 30472#36396: start worker processes
2024/09/22 19:43:33 [notice] 30472#36396: start worker processes
2024/09/22 19:43:33 [notice] 30472#36396: start worker process 24972
2024/09/22 19:43:33 [notice] 30472#36396: start worker process 24972
2024/09/22 19:43:33 [notice] 24972#176: nginx/1.26.2
2024/09/22 19:43:33 [notice] 24972#176: nginx/1.26.2
2024/09/22 19:43:33 [info] 24972#176: OS: 260200 build:9200, "", suite:100, type:1
2024/09/22 19:43:33 [notice] 24972#176: create thread 38136
2024/09/22 19:43:33 [notice] 24972#176: create thread 38136
2024/09/22 19:43:33 [notice] 24972#176: create thread 15456
2024/09/22 19:43:33 [notice] 24972#176: create thread 15456
2024/09/22 19:43:33 [notice] 24972#176: create thread 38088
2024/09/22 19:43:33 [notice] 24972#176: create thread 38088
2024/09/22 19:43:39 [info] 24972#38136: *1 SSL_do_handshake() failed (SSL: error:0A000416:SSL routines::sslv3 alert certificate unknown:SSL alert number 46) while SSL handshaking, client: 192.168.1.1, server: 0.0.0.0:443
2024/09/22 19:43:43 [error] 24972#38136: *2 connect() failed (10061: No connection could be made because the target machine actively refused it) while connecting to upstream, client: 192.168.1.1, server: localhost, request: "POST /api/login HTTP/1.1", upstream: "https://[::1]:8080/login", host: "norbinet.asuscomm.com", referrer: "https://norbinet.asuscomm.com/"
2024/09/22 19:43:43 [error] 24972#38136: *2 connect() failed (10061: No connection could be made because the target machine actively refused it) while connecting to upstream, client: 192.168.1.1, server: localhost, request: "POST /api/login HTTP/1.1", upstream: "https://[::1]:8080/login", host: "norbinet.asuscomm.com", referrer: "https://norbinet.asuscomm.com/"
2024/09/22 19:43:43 [error] 24972#38136: *2 connect() failed (10061: No connection could be made because the target machine actively refused it) while connecting to upstream, client: 192.168.1.1, server: localhost, request: "POST /api/login HTTP/1.1", upstream: "https://[::1]:8080/login", host: "norbinet.asuscomm.com", referrer: "https://norbinet.asuscomm.com/"
2024/09/22 19:43:43 [warn] 24972#38136: *2 upstream server temporarily disabled while connecting to upstream, client: 192.168.1.1, server: localhost, request: "POST /api/login HTTP/1.1", upstream: "https://[::1]:8080/login", host: "norbinet.asuscomm.com", referrer: "https://norbinet.asuscomm.com/"
2024/09/22 19:43:43 [warn] 24972#38136: *2 upstream server temporarily disabled while connecting to upstream, client: 192.168.1.1, server: localhost, request: "POST /api/login HTTP/1.1", upstream: "https://[::1]:8080/login", host: "norbinet.asuscomm.com", referrer: "https://norbinet.asuscomm.com/"
2024/09/22 19:44:55 [error] 24972#38136: *2 connect() failed (10061: No connection could be made because the target machine actively refused it) while connecting to upstream, client: 192.168.1.1, server: localhost, request: "POST /api/login HTTP/1.1", upstream: "https://[::1]:8080/login", host: "norbinet.asuscomm.com", referrer: "https://norbinet.asuscomm.com/"
2024/09/22 19:44:55 [error] 24972#38136: *2 connect() failed (10061: No connection could be made because the target machine actively refused it) while connecting to upstream, client: 192.168.1.1, server: localhost, request: "POST /api/login HTTP/1.1", upstream: "https://[::1]:8080/login", host: "norbinet.asuscomm.com", referrer: "https://norbinet.asuscomm.com/"
2024/09/22 19:44:55 [error] 24972#38136: *2 connect() failed (10061: No connection could be made because the target machine actively refused it) while connecting to upstream, client: 192.168.1.1, server: localhost, request: "POST /api/login HTTP/1.1", upstream: "https://[::1]:8080/login", host: "norbinet.asuscomm.com", referrer: "https://norbinet.asuscomm.com/"
2024/09/22 19:44:55 [warn] 24972#38136: *2 upstream server temporarily disabled while connecting to upstream, client: 192.168.1.1, server: localhost, request: "POST /api/login HTTP/1.1", upstream: "https://[::1]:8080/login", host: "norbinet.asuscomm.com", referrer: "https://norbinet.asuscomm.com/"
2024/09/22 19:44:55 [warn] 24972#38136: *2 upstream server temporarily disabled while connecting to upstream, client: 192.168.1.1, server: localhost, request: "POST /api/login HTTP/1.1", upstream: "https://[::1]:8080/login", host: "norbinet.asuscomm.com", referrer: "https://norbinet.asuscomm.com/"
2024/09/22 19:45:55 [warn] 24972#38136: *2 upstream server temporarily disabled while reading response header from upstream, client: 192.168.1.1, server: localhost, request: "POST /api/login HTTP/1.1", upstream: "https://127.0.0.1:8080/login", host: "norbinet.asuscomm.com", referrer: "https://norbinet.asuscomm.com/"
2024/09/22 19:45:55 [warn] 24972#38136: *2 upstream server temporarily disabled while reading response header from upstream, client: 192.168.1.1, server: localhost, request: "POST /api/login HTTP/1.1", upstream: "https://127.0.0.1:8080/login", host: "norbinet.asuscomm.com", referrer: "https://norbinet.asuscomm.com/"
2024/09/22 19:45:55 [error] 24972#38136: *2 upstream timed out (10060: A connection attempt failed because the connected party did not properly respond after a period of time, or established connection failed because connected host has failed to respond) while reading response header from upstream, client: 192.168.1.1, server: localhost, request: "POST /api/login HTTP/1.1", upstream: "https://127.0.0.1:8080/login", host: "norbinet.asuscomm.com", referrer: "https://norbinet.asuscomm.com/"
2024/09/22 19:45:55 [error] 24972#38136: *2 upstream timed out (10060: A connection attempt failed because the connected party did not properly respond after a period of time, or established connection failed because connected host has failed to respond) while reading response header from upstream, client: 192.168.1.1, server: localhost, request: "POST /api/login HTTP/1.1", upstream: "https://127.0.0.1:8080/login", host: "norbinet.asuscomm.com", referrer: "https://norbinet.asuscomm.com/"
2024/09/22 19:45:55 [error] 24972#38136: *2 upstream timed out (10060: A connection attempt failed because the connected party did not properly respond after a period of time, or established connection failed because connected host has failed to respond) while reading response header from upstream, client: 192.168.1.1, server: localhost, request: "POST /api/login HTTP/1.1", upstream: "https://127.0.0.1:8080/login", host: "norbinet.asuscomm.com", referrer: "https://norbinet.asuscomm.com/"
2024/09/22 19:49:07 [notice] 31644#39136: signal process started
2024/09/22 19:49:07 [notice] 30472#36396: shutting down
2024/09/22 19:49:07 [notice] 30472#36396: shutting down
2024/09/22 19:49:07 [notice] 24972#176: gracefully shutting down
2024/09/22 19:49:07 [notice] 24972#176: gracefully shutting down
2024/09/22 19:49:07 [notice] 24972#15456: exiting
2024/09/22 19:49:07 [notice] 24972#15456: exiting
2024/09/22 19:49:07 [notice] 24972#38136: exiting
2024/09/22 19:49:07 [notice] 24972#38136: exiting
2024/09/22 19:49:07 [notice] 24972#176: exit
2024/09/22 19:49:07 [notice] 24972#176: exit
2024/09/22 19:49:07 [notice] 30472#36396: worker process 24972 exited with code 0
2024/09/22 19:49:07 [notice] 30472#36396: worker process 24972 exited with code 0
2024/09/22 19:49:07 [notice] 30472#36396: exit
2024/09/22 19:49:07 [notice] 30472#36396: exit
2024/09/22 19:49:08 [notice] 39832#8080: using the "select" event method
2024/09/22 19:49:08 [notice] 39832#8080: using the "select" event method
2024/09/22 19:49:08 [notice] 39832#8080: nginx/1.26.2
2024/09/22 19:49:08 [notice] 39832#8080: nginx/1.26.2
2024/09/22 19:49:08 [info] 39832#8080: OS: 260200 build:9200, "", suite:100, type:1
2024/09/22 19:49:08 [notice] 39832#8080: start worker processes
2024/09/22 19:49:08 [notice] 39832#8080: start worker processes
2024/09/22 19:49:08 [notice] 39832#8080: start worker process 16172
2024/09/22 19:49:08 [notice] 39832#8080: start worker process 16172
2024/09/22 19:49:08 [notice] 16172#14156: nginx/1.26.2
2024/09/22 19:49:08 [notice] 16172#14156: nginx/1.26.2
2024/09/22 19:49:08 [info] 16172#14156: OS: 260200 build:9200, "", suite:100, type:1
2024/09/22 19:49:08 [notice] 16172#14156: create thread 40804
2024/09/22 19:49:08 [notice] 16172#14156: create thread 40804
2024/09/22 19:49:08 [notice] 16172#14156: create thread 14500
2024/09/22 19:49:08 [notice] 16172#14156: create thread 14500
2024/09/22 19:49:08 [notice] 16172#14156: create thread 39728
2024/09/22 19:49:08 [notice] 16172#14156: create thread 39728
2024/09/22 19:49:11 [info] 16172#40804: *1 SSL_do_handshake() failed (SSL: error:0A000416:SSL routines::sslv3 alert certificate unknown:SSL alert number 46) while SSL handshaking, client: 192.168.1.1, server: 0.0.0.0:443
2024/09/22 19:49:13 [error] 16172#40804: *2 connect() failed (10061: No connection could be made because the target machine actively refused it) while connecting to upstream, client: 192.168.1.1, server: localhost, request: "POST /api/login HTTP/1.1", upstream: "https://[::1]:8080/login", host: "norbinet.asuscomm.com", referrer: "https://norbinet.asuscomm.com/"
2024/09/22 19:49:13 [error] 16172#40804: *2 connect() failed (10061: No connection could be made because the target machine actively refused it) while connecting to upstream, client: 192.168.1.1, server: localhost, request: "POST /api/login HTTP/1.1", upstream: "https://[::1]:8080/login", host: "norbinet.asuscomm.com", referrer: "https://norbinet.asuscomm.com/"
2024/09/22 19:49:13 [error] 16172#40804: *2 connect() failed (10061: No connection could be made because the target machine actively refused it) while connecting to upstream, client: 192.168.1.1, server: localhost, request: "POST /api/login HTTP/1.1", upstream: "https://[::1]:8080/login", host: "norbinet.asuscomm.com", referrer: "https://norbinet.asuscomm.com/"
2024/09/22 19:49:13 [warn] 16172#40804: *2 upstream server temporarily disabled while connecting to upstream, client: 192.168.1.1, server: localhost, request: "POST /api/login HTTP/1.1", upstream: "https://[::1]:8080/login", host: "norbinet.asuscomm.com", referrer: "https://norbinet.asuscomm.com/"
2024/09/22 19:49:13 [warn] 16172#40804: *2 upstream server temporarily disabled while connecting to upstream, client: 192.168.1.1, server: localhost, request: "POST /api/login HTTP/1.1", upstream: "https://[::1]:8080/login", host: "norbinet.asuscomm.com", referrer: "https://norbinet.asuscomm.com/"
2024/09/22 19:51:22 [notice] 10192#10300: signal process started
2024/09/22 19:51:22 [notice] 39832#8080: shutting down
2024/09/22 19:51:22 [notice] 39832#8080: shutting down
2024/09/22 19:51:22 [notice] 16172#14156: gracefully shutting down
2024/09/22 19:51:22 [notice] 16172#14156: gracefully shutting down
2024/09/22 19:51:22 [notice] 16172#14500: exiting
2024/09/22 19:51:22 [notice] 16172#14500: exiting
2024/09/22 19:51:22 [notice] 16172#40804: exiting
2024/09/22 19:51:22 [notice] 16172#40804: exiting
2024/09/22 19:51:22 [notice] 16172#14156: exit
2024/09/22 19:51:22 [notice] 16172#14156: exit
2024/09/22 19:51:22 [notice] 39832#8080: worker process 16172 exited with code 0
2024/09/22 19:51:22 [notice] 39832#8080: worker process 16172 exited with code 0
2024/09/22 19:51:22 [notice] 39832#8080: exit
2024/09/22 19:51:22 [notice] 39832#8080: exit
2024/09/22 19:51:23 [notice] 20344#21444: using the "select" event method
2024/09/22 19:51:23 [notice] 20344#21444: using the "select" event method
2024/09/22 19:51:23 [notice] 20344#21444: nginx/1.26.2
2024/09/22 19:51:23 [notice] 20344#21444: nginx/1.26.2
2024/09/22 19:51:23 [info] 20344#21444: OS: 260200 build:9200, "", suite:100, type:1
2024/09/22 19:51:23 [notice] 20344#21444: start worker processes
2024/09/22 19:51:23 [notice] 20344#21444: start worker processes
2024/09/22 19:51:23 [notice] 20344#21444: start worker process 28456
2024/09/22 19:51:23 [notice] 20344#21444: start worker process 28456
2024/09/22 19:51:23 [notice] 28456#34732: nginx/1.26.2
2024/09/22 19:51:23 [notice] 28456#34732: nginx/1.26.2
2024/09/22 19:51:23 [info] 28456#34732: OS: 260200 build:9200, "", suite:100, type:1
2024/09/22 19:51:23 [notice] 28456#34732: create thread 30076
2024/09/22 19:51:23 [notice] 28456#34732: create thread 30076
2024/09/22 19:51:23 [notice] 28456#34732: create thread 16396
2024/09/22 19:51:23 [notice] 28456#34732: create thread 16396
2024/09/22 19:51:23 [notice] 28456#34732: create thread 39508
2024/09/22 19:51:23 [notice] 28456#34732: create thread 39508
2024/09/22 19:51:25 [info] 28456#30076: *1 SSL_do_handshake() failed (SSL: error:0A000416:SSL routines::sslv3 alert certificate unknown:SSL alert number 46) while SSL handshaking, client: 192.168.1.1, server: 0.0.0.0:443
2024/09/22 19:51:29 [error] 28456#30076: *2 connect() failed (10061: No connection could be made because the target machine actively refused it) while connecting to upstream, client: 192.168.1.1, server: localhost, request: "POST /api/login HTTP/1.1", upstream: "https://[::1]:8080/login", host: "norbinet.asuscomm.com", referrer: "https://norbinet.asuscomm.com/"
2024/09/22 19:51:29 [error] 28456#30076: *2 connect() failed (10061: No connection could be made because the target machine actively refused it) while connecting to upstream, client: 192.168.1.1, server: localhost, request: "POST /api/login HTTP/1.1", upstream: "https://[::1]:8080/login", host: "norbinet.asuscomm.com", referrer: "https://norbinet.asuscomm.com/"
2024/09/22 19:51:29 [error] 28456#30076: *2 connect() failed (10061: No connection could be made because the target machine actively refused it) while connecting to upstream, client: 192.168.1.1, server: localhost, request: "POST /api/login HTTP/1.1", upstream: "https://[::1]:8080/login", host: "norbinet.asuscomm.com", referrer: "https://norbinet.asuscomm.com/"
2024/09/22 19:51:29 [warn] 28456#30076: *2 upstream server temporarily disabled while connecting to upstream, client: 192.168.1.1, server: localhost, request: "POST /api/login HTTP/1.1", upstream: "https://[::1]:8080/login", host: "norbinet.asuscomm.com", referrer: "https://norbinet.asuscomm.com/"
2024/09/22 19:51:29 [warn] 28456#30076: *2 upstream server temporarily disabled while connecting to upstream, client: 192.168.1.1, server: localhost, request: "POST /api/login HTTP/1.1", upstream: "https://[::1]:8080/login", host: "norbinet.asuscomm.com", referrer: "https://norbinet.asuscomm.com/"
2024/09/22 19:56:02 [notice] 36680#7336: signal process started
2024/09/22 19:56:02 [notice] 20344#21444: shutting down
2024/09/22 19:56:02 [notice] 20344#21444: shutting down
2024/09/22 19:56:02 [notice] 28456#34732: gracefully shutting down
2024/09/22 19:56:02 [notice] 28456#34732: gracefully shutting down
2024/09/22 19:56:02 [notice] 28456#16396: exiting
2024/09/22 19:56:02 [notice] 28456#16396: exiting
2024/09/22 19:56:02 [notice] 28456#30076: exiting
2024/09/22 19:56:02 [notice] 28456#30076: exiting
2024/09/22 19:56:02 [notice] 28456#34732: exit
2024/09/22 19:56:02 [notice] 28456#34732: exit
2024/09/22 19:56:02 [notice] 20344#21444: worker process 28456 exited with code 0
2024/09/22 19:56:02 [notice] 20344#21444: worker process 28456 exited with code 0
2024/09/22 19:56:02 [notice] 20344#21444: exit
2024/09/22 19:56:02 [notice] 20344#21444: exit
2024/09/22 19:56:07 [notice] 12056#7704: using the "select" event method
2024/09/22 19:56:07 [notice] 12056#7704: using the "select" event method
2024/09/22 19:56:07 [notice] 12056#7704: nginx/1.26.2
2024/09/22 19:56:07 [notice] 12056#7704: nginx/1.26.2
2024/09/22 19:56:07 [info] 12056#7704: OS: 260200 build:9200, "", suite:100, type:1
2024/09/22 19:56:07 [notice] 12056#7704: start worker processes
2024/09/22 19:56:07 [notice] 12056#7704: start worker processes
2024/09/22 19:56:07 [notice] 12056#7704: start worker process 8148
2024/09/22 19:56:07 [notice] 12056#7704: start worker process 8148
2024/09/22 19:56:07 [notice] 8148#12276: nginx/1.26.2
2024/09/22 19:56:07 [notice] 8148#12276: nginx/1.26.2
2024/09/22 19:56:07 [info] 8148#12276: OS: 260200 build:9200, "", suite:100, type:1
2024/09/22 19:56:07 [notice] 8148#12276: create thread 21516
2024/09/22 19:56:07 [notice] 8148#12276: create thread 21516
2024/09/22 19:56:07 [notice] 8148#12276: create thread 1936
2024/09/22 19:56:07 [notice] 8148#12276: create thread 1936
2024/09/22 19:56:07 [notice] 8148#12276: create thread 33124
2024/09/22 19:56:07 [notice] 8148#12276: create thread 33124
2024/09/22 19:56:11 [info] 8148#21516: *1 SSL_do_handshake() failed (SSL: error:0A000416:SSL routines::sslv3 alert certificate unknown:SSL alert number 46) while SSL handshaking, client: 192.168.1.1, server: 0.0.0.0:443
2024/09/22 19:56:11 [info] 8148#21516: *2 SSL_do_handshake() failed (SSL: error:0A000416:SSL routines::sslv3 alert certificate unknown:SSL alert number 46) while SSL handshaking, client: 192.168.1.1, server: 0.0.0.0:443
2024/09/22 19:56:11 [info] 8148#21516: *5 SSL_do_handshake() failed (SSL: error:0A000416:SSL routines::sslv3 alert certificate unknown:SSL alert number 46) while SSL handshaking, client: 192.168.1.1, server: 0.0.0.0:443
2024/09/22 19:56:11 [info] 8148#21516: *4 SSL_do_handshake() failed (SSL: error:0A000416:SSL routines::sslv3 alert certificate unknown:SSL alert number 46) while SSL handshaking, client: 192.168.1.1, server: 0.0.0.0:443
2024/09/22 19:56:11 [info] 8148#21516: *7 SSL_do_handshake() failed (SSL: error:0A000416:SSL routines::sslv3 alert certificate unknown:SSL alert number 46) while SSL handshaking, client: 192.168.1.1, server: 0.0.0.0:443
2024/09/22 19:56:11 [info] 8148#21516: *8 SSL_do_handshake() failed (SSL: error:0A000416:SSL routines::sslv3 alert certificate unknown:SSL alert number 46) while SSL handshaking, client: 192.168.1.1, server: 0.0.0.0:443
2024/09/22 19:56:17 [error] 8148#21516: *6 connect() failed (10061: No connection could be made because the target machine actively refused it) while connecting to upstream, client: 192.168.1.1, server: localhost, request: "POST /api/login HTTP/1.1", upstream: "https://[::1]:8080/login", host: "norbinet.asuscomm.com", referrer: "https://norbinet.asuscomm.com/"
2024/09/22 19:56:17 [error] 8148#21516: *6 connect() failed (10061: No connection could be made because the target machine actively refused it) while connecting to upstream, client: 192.168.1.1, server: localhost, request: "POST /api/login HTTP/1.1", upstream: "https://[::1]:8080/login", host: "norbinet.asuscomm.com", referrer: "https://norbinet.asuscomm.com/"
2024/09/22 19:56:17 [error] 8148#21516: *6 connect() failed (10061: No connection could be made because the target machine actively refused it) while connecting to upstream, client: 192.168.1.1, server: localhost, request: "POST /api/login HTTP/1.1", upstream: "https://[::1]:8080/login", host: "norbinet.asuscomm.com", referrer: "https://norbinet.asuscomm.com/"
2024/09/22 19:56:17 [warn] 8148#21516: *6 upstream server temporarily disabled while connecting to upstream, client: 192.168.1.1, server: localhost, request: "POST /api/login HTTP/1.1", upstream: "https://[::1]:8080/login", host: "norbinet.asuscomm.com", referrer: "https://norbinet.asuscomm.com/"
2024/09/22 19:56:17 [warn] 8148#21516: *6 upstream server temporarily disabled while connecting to upstream, client: 192.168.1.1, server: localhost, request: "POST /api/login HTTP/1.1", upstream: "https://[::1]:8080/login", host: "norbinet.asuscomm.com", referrer: "https://norbinet.asuscomm.com/"
2024/09/22 19:57:11 [info] 8148#21516: *9 client timed out (10060: A connection attempt failed because the connected party did not properly respond after a period of time, or established connection failed because connected host has failed to respond) while waiting for request, client: 192.168.1.1, server: 0.0.0.0:443
2024/09/22 19:58:51 [info] 8148#21516: *12 SSL_do_handshake() failed (SSL: error:0A000416:SSL routines::sslv3 alert certificate unknown:SSL alert number 46) while SSL handshaking, client: 192.168.1.1, server: 0.0.0.0:443
2024/09/22 19:59:21 [info] 8148#21516: *15 SSL_do_handshake() failed (SSL: error:0A000416:SSL routines::sslv3 alert certificate unknown:SSL alert number 46) while SSL handshaking, client: 192.168.1.1, server: 0.0.0.0:443
2024/09/22 20:00:08 [error] 8148#21516: *13 connect() failed (10061: No connection could be made because the target machine actively refused it) while connecting to upstream, client: 192.168.1.1, server: localhost, request: "POST /api/login HTTP/1.1", upstream: "https://[::1]:8080/login", host: "norbinet.asuscomm.com", referrer: "https://norbinet.asuscomm.com/"
2024/09/22 20:00:08 [error] 8148#21516: *13 connect() failed (10061: No connection could be made because the target machine actively refused it) while connecting to upstream, client: 192.168.1.1, server: localhost, request: "POST /api/login HTTP/1.1", upstream: "https://[::1]:8080/login", host: "norbinet.asuscomm.com", referrer: "https://norbinet.asuscomm.com/"
2024/09/22 20:00:08 [error] 8148#21516: *13 connect() failed (10061: No connection could be made because the target machine actively refused it) while connecting to upstream, client: 192.168.1.1, server: localhost, request: "POST /api/login HTTP/1.1", upstream: "https://[::1]:8080/login", host: "norbinet.asuscomm.com", referrer: "https://norbinet.asuscomm.com/"
2024/09/22 20:00:08 [warn] 8148#21516: *13 upstream server temporarily disabled while connecting to upstream, client: 192.168.1.1, server: localhost, request: "POST /api/login HTTP/1.1", upstream: "https://[::1]:8080/login", host: "norbinet.asuscomm.com", referrer: "https://norbinet.asuscomm.com/"
2024/09/22 20:00:08 [warn] 8148#21516: *13 upstream server temporarily disabled while connecting to upstream, client: 192.168.1.1, server: localhost, request: "POST /api/login HTTP/1.1", upstream: "https://[::1]:8080/login", host: "norbinet.asuscomm.com", referrer: "https://norbinet.asuscomm.com/"
2024/09/22 20:01:31 [notice] 40788#37980: signal process started
2024/09/22 20:01:31 [notice] 12056#7704: shutting down
2024/09/22 20:01:31 [notice] 12056#7704: shutting down
2024/09/22 20:01:31 [notice] 8148#12276: gracefully shutting down
2024/09/22 20:01:31 [notice] 8148#12276: gracefully shutting down
2024/09/22 20:01:31 [notice] 8148#1936: exiting
2024/09/22 20:01:31 [notice] 8148#1936: exiting
2024/09/22 20:01:31 [notice] 8148#21516: exiting
2024/09/22 20:01:31 [notice] 8148#21516: exiting
2024/09/22 20:01:31 [notice] 8148#12276: exit
2024/09/22 20:01:31 [notice] 8148#12276: exit
2024/09/22 20:01:31 [notice] 12056#7704: worker process 8148 exited with code 0
2024/09/22 20:01:31 [notice] 12056#7704: worker process 8148 exited with code 0
2024/09/22 20:01:31 [notice] 12056#7704: exit
2024/09/22 20:01:31 [notice] 12056#7704: exit
2024/09/22 20:01:32 [notice] 27048#35900: using the "select" event method
2024/09/22 20:01:32 [notice] 27048#35900: using the "select" event method
2024/09/22 20:01:32 [notice] 27048#35900: nginx/1.26.2
2024/09/22 20:01:32 [notice] 27048#35900: nginx/1.26.2
2024/09/22 20:01:32 [info] 27048#35900: OS: 260200 build:9200, "", suite:100, type:1
2024/09/22 20:01:32 [notice] 27048#35900: start worker processes
2024/09/22 20:01:32 [notice] 27048#35900: start worker processes
2024/09/22 20:01:32 [notice] 27048#35900: start worker process 9904
2024/09/22 20:01:32 [notice] 27048#35900: start worker process 9904
2024/09/22 20:01:32 [notice] 9904#25916: nginx/1.26.2
2024/09/22 20:01:32 [notice] 9904#25916: nginx/1.26.2
2024/09/22 20:01:32 [info] 9904#25916: OS: 260200 build:9200, "", suite:100, type:1
2024/09/22 20:01:32 [notice] 9904#25916: create thread 34832
2024/09/22 20:01:32 [notice] 9904#25916: create thread 34832
2024/09/22 20:01:32 [notice] 9904#25916: create thread 18900
2024/09/22 20:01:32 [notice] 9904#25916: create thread 18900
2024/09/22 20:01:32 [notice] 9904#25916: create thread 39316
2024/09/22 20:01:32 [notice] 9904#25916: create thread 39316
2024/09/22 20:01:39 [info] 9904#34832: *1 SSL_do_handshake() failed (SSL: error:0A000416:SSL routines::sslv3 alert certificate unknown:SSL alert number 46) while SSL handshaking, client: 192.168.1.1, server: 0.0.0.0:443
2024/09/22 20:01:39 [info] 9904#34832: *2 SSL_do_handshake() failed (SSL: error:0A000416:SSL routines::sslv3 alert certificate unknown:SSL alert number 46) while SSL handshaking, client: 192.168.1.1, server: 0.0.0.0:443
2024/09/22 20:01:40 [info] 9904#34832: *4 SSL_do_handshake() failed (SSL: error:0A000416:SSL routines::sslv3 alert certificate unknown:SSL alert number 46) while SSL handshaking, client: 192.168.1.1, server: 0.0.0.0:443
2024/09/22 20:01:40 [info] 9904#34832: *5 SSL_do_handshake() failed (SSL: error:0A000416:SSL routines::sslv3 alert certificate unknown:SSL alert number 46) while SSL handshaking, client: 192.168.1.1, server: 0.0.0.0:443
2024/09/22 20:01:40 [info] 9904#34832: *8 SSL_do_handshake() failed (SSL: error:0A000416:SSL routines::sslv3 alert certificate unknown:SSL alert number 46) while SSL handshaking, client: 192.168.1.1, server: 0.0.0.0:443
2024/09/22 20:01:40 [info] 9904#34832: *9 SSL_do_handshake() failed (SSL: error:0A000416:SSL routines::sslv3 alert certificate unknown:SSL alert number 46) while SSL handshaking, client: 192.168.1.1, server: 0.0.0.0:443
2024/09/22 20:01:52 [error] 9904#34832: *6 connect() failed (10061: No connection could be made because the target machine actively refused it) while connecting to upstream, client: 192.168.1.1, server: localhost, request: "POST /api/login HTTP/1.1", upstream: "https://[::1]:8080/login", host: "norbinet.asuscomm.com", referrer: "https://norbinet.asuscomm.com/"
2024/09/22 20:01:52 [error] 9904#34832: *6 connect() failed (10061: No connection could be made because the target machine actively refused it) while connecting to upstream, client: 192.168.1.1, server: localhost, request: "POST /api/login HTTP/1.1", upstream: "https://[::1]:8080/login", host: "norbinet.asuscomm.com", referrer: "https://norbinet.asuscomm.com/"
2024/09/22 20:01:52 [error] 9904#34832: *6 connect() failed (10061: No connection could be made because the target machine actively refused it) while connecting to upstream, client: 192.168.1.1, server: localhost, request: "POST /api/login HTTP/1.1", upstream: "https://[::1]:8080/login", host: "norbinet.asuscomm.com", referrer: "https://norbinet.asuscomm.com/"
2024/09/22 20:01:52 [warn] 9904#34832: *6 upstream server temporarily disabled while connecting to upstream, client: 192.168.1.1, server: localhost, request: "POST /api/login HTTP/1.1", upstream: "https://[::1]:8080/login", host: "norbinet.asuscomm.com", referrer: "https://norbinet.asuscomm.com/"
2024/09/22 20:01:52 [warn] 9904#34832: *6 upstream server temporarily disabled while connecting to upstream, client: 192.168.1.1, server: localhost, request: "POST /api/login HTTP/1.1", upstream: "https://[::1]:8080/login", host: "norbinet.asuscomm.com", referrer: "https://norbinet.asuscomm.com/"
2024/09/22 20:08:28 [notice] 39476#22740: signal process started
2024/09/22 20:08:28 [notice] 27048#35900: shutting down
2024/09/22 20:08:28 [notice] 27048#35900: shutting down
2024/09/22 20:08:28 [notice] 9904#25916: gracefully shutting down
2024/09/22 20:08:28 [notice] 9904#25916: gracefully shutting down
2024/09/22 20:08:28 [notice] 9904#18900: exiting
2024/09/22 20:08:28 [notice] 9904#18900: exiting
2024/09/22 20:08:29 [notice] 9904#34832: exiting
2024/09/22 20:08:29 [notice] 9904#34832: exiting
2024/09/22 20:08:29 [notice] 9904#25916: exit
2024/09/22 20:08:29 [notice] 9904#25916: exit
2024/09/22 20:08:29 [notice] 27048#35900: worker process 9904 exited with code 0
2024/09/22 20:08:29 [notice] 27048#35900: worker process 9904 exited with code 0
2024/09/22 20:08:29 [notice] 27048#35900: exit
2024/09/22 20:08:29 [notice] 27048#35900: exit
2024/09/22 20:08:37 [notice] 2148#40292: using the "select" event method
2024/09/22 20:08:37 [notice] 2148#40292: using the "select" event method
2024/09/22 20:08:37 [notice] 2148#40292: nginx/1.26.2
2024/09/22 20:08:37 [notice] 2148#40292: nginx/1.26.2
2024/09/22 20:08:37 [info] 2148#40292: OS: 260200 build:9200, "", suite:100, type:1
2024/09/22 20:08:37 [notice] 2148#40292: start worker processes
2024/09/22 20:08:37 [notice] 2148#40292: start worker processes
2024/09/22 20:08:37 [notice] 2148#40292: start worker process 35728
2024/09/22 20:08:37 [notice] 2148#40292: start worker process 35728
2024/09/22 20:08:37 [notice] 35728#36588: nginx/1.26.2
2024/09/22 20:08:37 [notice] 35728#36588: nginx/1.26.2
2024/09/22 20:08:37 [info] 35728#36588: OS: 260200 build:9200, "", suite:100, type:1
2024/09/22 20:08:37 [notice] 35728#36588: create thread 7752
2024/09/22 20:08:37 [notice] 35728#36588: create thread 7752
2024/09/22 20:08:37 [notice] 35728#36588: create thread 38544
2024/09/22 20:08:37 [notice] 35728#36588: create thread 38544
2024/09/22 20:08:37 [notice] 35728#36588: create thread 16256
2024/09/22 20:08:37 [notice] 35728#36588: create thread 16256
2024/09/22 20:08:38 [info] 35728#7752: *1 SSL_do_handshake() failed (SSL: error:0A000416:SSL routines::sslv3 alert certificate unknown:SSL alert number 46) while SSL handshaking, client: 192.168.1.1, server: 0.0.0.0:443
2024/09/22 20:08:39 [info] 35728#7752: *2 SSL_do_handshake() failed (SSL: error:0A000416:SSL routines::sslv3 alert certificate unknown:SSL alert number 46) while SSL handshaking, client: 192.168.1.1, server: 0.0.0.0:443
2024/09/22 20:08:39 [info] 35728#7752: *4 SSL_do_handshake() failed (SSL: error:0A000416:SSL routines::sslv3 alert certificate unknown:SSL alert number 46) while SSL handshaking, client: 192.168.1.1, server: 0.0.0.0:443
2024/09/22 20:08:39 [info] 35728#7752: *5 SSL_do_handshake() failed (SSL: error:0A000416:SSL routines::sslv3 alert certificate unknown:SSL alert number 46) while SSL handshaking, client: 192.168.1.1, server: 0.0.0.0:443
2024/09/22 20:08:39 [info] 35728#7752: *7 SSL_do_handshake() failed (SSL: error:0A000416:SSL routines::sslv3 alert certificate unknown:SSL alert number 46) while SSL handshaking, client: 192.168.1.1, server: 0.0.0.0:443
2024/09/22 20:08:39 [info] 35728#7752: *8 SSL_do_handshake() failed (SSL: error:0A000416:SSL routines::sslv3 alert certificate unknown:SSL alert number 46) while SSL handshaking, client: 192.168.1.1, server: 0.0.0.0:443
2024/09/22 20:08:44 [error] 35728#7752: *6 connect() failed (10061: No connection could be made because the target machine actively refused it) while connecting to upstream, client: 192.168.1.1, server: localhost, request: "POST /api/login HTTP/1.1", upstream: "https://[::1]:8080/login", host: "norbinet.asuscomm.com", referrer: "https://norbinet.asuscomm.com/"
2024/09/22 20:08:44 [error] 35728#7752: *6 connect() failed (10061: No connection could be made because the target machine actively refused it) while connecting to upstream, client: 192.168.1.1, server: localhost, request: "POST /api/login HTTP/1.1", upstream: "https://[::1]:8080/login", host: "norbinet.asuscomm.com", referrer: "https://norbinet.asuscomm.com/"
2024/09/22 20:08:44 [error] 35728#7752: *6 connect() failed (10061: No connection could be made because the target machine actively refused it) while connecting to upstream, client: 192.168.1.1, server: localhost, request: "POST /api/login HTTP/1.1", upstream: "https://[::1]:8080/login", host: "norbinet.asuscomm.com", referrer: "https://norbinet.asuscomm.com/"
2024/09/22 20:08:44 [warn] 35728#7752: *6 upstream server temporarily disabled while connecting to upstream, client: 192.168.1.1, server: localhost, request: "POST /api/login HTTP/1.1", upstream: "https://[::1]:8080/login", host: "norbinet.asuscomm.com", referrer: "https://norbinet.asuscomm.com/"
2024/09/22 20:08:44 [warn] 35728#7752: *6 upstream server temporarily disabled while connecting to upstream, client: 192.168.1.1, server: localhost, request: "POST /api/login HTTP/1.1", upstream: "https://[::1]:8080/login", host: "norbinet.asuscomm.com", referrer: "https://norbinet.asuscomm.com/"
2024/09/22 20:09:03 [error] 35728#7752: *6 connect() failed (10061: No connection could be made because the target machine actively refused it) while connecting to upstream, client: 192.168.1.1, server: localhost, request: "POST /api/login HTTP/1.1", upstream: "https://[::1]:8080/login", host: "norbinet.asuscomm.com", referrer: "https://norbinet.asuscomm.com/"
2024/09/22 20:09:03 [error] 35728#7752: *6 connect() failed (10061: No connection could be made because the target machine actively refused it) while connecting to upstream, client: 192.168.1.1, server: localhost, request: "POST /api/login HTTP/1.1", upstream: "https://[::1]:8080/login", host: "norbinet.asuscomm.com", referrer: "https://norbinet.asuscomm.com/"
2024/09/22 20:09:03 [error] 35728#7752: *6 connect() failed (10061: No connection could be made because the target machine actively refused it) while connecting to upstream, client: 192.168.1.1, server: localhost, request: "POST /api/login HTTP/1.1", upstream: "https://[::1]:8080/login", host: "norbinet.asuscomm.com", referrer: "https://norbinet.asuscomm.com/"
2024/09/22 20:09:03 [warn] 35728#7752: *6 upstream server temporarily disabled while connecting to upstream, client: 192.168.1.1, server: localhost, request: "POST /api/login HTTP/1.1", upstream: "https://[::1]:8080/login", host: "norbinet.asuscomm.com", referrer: "https://norbinet.asuscomm.com/"
2024/09/22 20:09:03 [warn] 35728#7752: *6 upstream server temporarily disabled while connecting to upstream, client: 192.168.1.1, server: localhost, request: "POST /api/login HTTP/1.1", upstream: "https://[::1]:8080/login", host: "norbinet.asuscomm.com", referrer: "https://norbinet.asuscomm.com/"
2024/09/22 20:09:39 [info] 35728#7752: *10 client timed out (10060: A connection attempt failed because the connected party did not properly respond after a period of time, or established connection failed because connected host has failed to respond) while waiting for request, client: 192.168.1.1, server: 0.0.0.0:443
2024/09/22 20:19:58 [notice] 34584#16476: signal process started
2024/09/22 20:19:58 [notice] 2148#40292: shutting down
2024/09/22 20:19:58 [notice] 2148#40292: shutting down
2024/09/22 20:19:58 [notice] 35728#36588: gracefully shutting down
2024/09/22 20:19:58 [notice] 35728#36588: gracefully shutting down
2024/09/22 20:19:58 [notice] 35728#38544: exiting
2024/09/22 20:19:58 [notice] 35728#38544: exiting
2024/09/22 20:19:58 [notice] 35728#7752: exiting
2024/09/22 20:19:58 [notice] 35728#7752: exiting
2024/09/22 20:19:58 [notice] 35728#36588: exit
2024/09/22 20:19:58 [notice] 35728#36588: exit
2024/09/22 20:19:58 [notice] 2148#40292: worker process 35728 exited with code 0
2024/09/22 20:19:58 [notice] 2148#40292: worker process 35728 exited with code 0
2024/09/22 20:19:58 [notice] 2148#40292: exit
2024/09/22 20:19:58 [notice] 2148#40292: exit
2024/09/22 20:20:01 [notice] 22688#37736: using the "select" event method
2024/09/22 20:20:01 [notice] 22688#37736: using the "select" event method
2024/09/22 20:20:01 [notice] 22688#37736: nginx/1.26.2
2024/09/22 20:20:01 [notice] 22688#37736: nginx/1.26.2
2024/09/22 20:20:01 [info] 22688#37736: OS: 260200 build:9200, "", suite:100, type:1
2024/09/22 20:20:01 [notice] 22688#37736: start worker processes
2024/09/22 20:20:01 [notice] 22688#37736: start worker processes
2024/09/22 20:20:01 [notice] 22688#37736: start worker process 36608
2024/09/22 20:20:01 [notice] 22688#37736: start worker process 36608
2024/09/22 20:20:01 [notice] 36608#40504: nginx/1.26.2
2024/09/22 20:20:01 [notice] 36608#40504: nginx/1.26.2
2024/09/22 20:20:01 [info] 36608#40504: OS: 260200 build:9200, "", suite:100, type:1
2024/09/22 20:20:01 [notice] 36608#40504: create thread 14500
2024/09/22 20:20:01 [notice] 36608#40504: create thread 14500
2024/09/22 20:20:01 [notice] 36608#40504: create thread 1996
2024/09/22 20:20:01 [notice] 36608#40504: create thread 1996
2024/09/22 20:20:01 [notice] 36608#40504: create thread 1648
2024/09/22 20:20:01 [notice] 36608#40504: create thread 1648
2024/09/22 20:20:08 [info] 36608#14500: *1 SSL_do_handshake() failed (SSL: error:0A000416:SSL routines::sslv3 alert certificate unknown:SSL alert number 46) while SSL handshaking, client: 192.168.1.1, server: 0.0.0.0:443
2024/09/22 20:20:08 [info] 36608#14500: *2 SSL_do_handshake() failed (SSL: error:0A000416:SSL routines::sslv3 alert certificate unknown:SSL alert number 46) while SSL handshaking, client: 192.168.1.1, server: 0.0.0.0:443
2024/09/22 20:20:08 [info] 36608#14500: *4 SSL_do_handshake() failed (SSL: error:0A000416:SSL routines::sslv3 alert certificate unknown:SSL alert number 46) while SSL handshaking, client: 192.168.1.1, server: 0.0.0.0:443
2024/09/22 20:20:08 [info] 36608#14500: *5 SSL_do_handshake() failed (SSL: error:0A000416:SSL routines::sslv3 alert certificate unknown:SSL alert number 46) while SSL handshaking, client: 192.168.1.1, server: 0.0.0.0:443
2024/09/22 20:20:16 [error] 36608#14500: *6 connect() failed (10061: No connection could be made because the target machine actively refused it) while connecting to upstream, client: 192.168.1.1, server: localhost, request: "POST /api/login HTTP/1.1", upstream: "https://[::1]:8080/login", host: "norbinet.asuscomm.com", referrer: "https://norbinet.asuscomm.com/"
2024/09/22 20:20:16 [error] 36608#14500: *6 connect() failed (10061: No connection could be made because the target machine actively refused it) while connecting to upstream, client: 192.168.1.1, server: localhost, request: "POST /api/login HTTP/1.1", upstream: "https://[::1]:8080/login", host: "norbinet.asuscomm.com", referrer: "https://norbinet.asuscomm.com/"
2024/09/22 20:20:16 [error] 36608#14500: *6 connect() failed (10061: No connection could be made because the target machine actively refused it) while connecting to upstream, client: 192.168.1.1, server: localhost, request: "POST /api/login HTTP/1.1", upstream: "https://[::1]:8080/login", host: "norbinet.asuscomm.com", referrer: "https://norbinet.asuscomm.com/"
2024/09/22 20:20:16 [warn] 36608#14500: *6 upstream server temporarily disabled while connecting to upstream, client: 192.168.1.1, server: localhost, request: "POST /api/login HTTP/1.1", upstream: "https://[::1]:8080/login", host: "norbinet.asuscomm.com", referrer: "https://norbinet.asuscomm.com/"
2024/09/22 20:20:16 [warn] 36608#14500: *6 upstream server temporarily disabled while connecting to upstream, client: 192.168.1.1, server: localhost, request: "POST /api/login HTTP/1.1", upstream: "https://[::1]:8080/login", host: "norbinet.asuscomm.com", referrer: "https://norbinet.asuscomm.com/"
2024/09/22 20:22:28 [info] 36608#14500: *10 SSL_do_handshake() failed (SSL: error:0A000416:SSL routines::sslv3 alert certificate unknown:SSL alert number 46) while SSL handshaking, client: 192.168.1.1, server: 0.0.0.0:443
2024/09/22 20:22:42 [info] 36608#14500: *11 SSL_do_handshake() failed (SSL: error:0A000416:SSL routines::sslv3 alert certificate unknown:SSL alert number 46) while SSL handshaking, client: 192.168.1.1, server: 0.0.0.0:443
2024/09/22 20:22:45 [info] 36608#14500: *12 SSL_do_handshake() failed (SSL: error:0A000416:SSL routines::sslv3 alert certificate unknown:SSL alert number 46) while SSL handshaking, client: 192.168.1.1, server: 0.0.0.0:443
2024/09/22 20:23:11 [info] 36608#14500: *13 SSL_do_handshake() failed (SSL: error:0A000416:SSL routines::sslv3 alert certificate unknown:SSL alert number 46) while SSL handshaking, client: 192.168.1.1, server: 0.0.0.0:443
2024/09/22 20:25:09 [info] 36608#14500: *16 SSL_do_handshake() failed (SSL: error:0A000416:SSL routines::sslv3 alert certificate unknown:SSL alert number 46) while SSL handshaking, client: 192.168.1.1, server: 0.0.0.0:443
2024/09/22 20:25:09 [error] 36608#14500: *17 CreateFile() "G:\Documents\Projects\HTTPServer\web/html/test_session" failed (2: The system cannot find the file specified), client: 192.168.1.1, server: localhost, request: "POST /test_session HTTP/1.1", host: "norbinet.asuscomm.com", referrer: "https://norbinet.asuscomm.com/"
2024/09/22 20:25:09 [error] 36608#14500: *17 CreateFile() "G:\Documents\Projects\HTTPServer\web/html/test_session" failed (2: The system cannot find the file specified), client: 192.168.1.1, server: localhost, request: "POST /test_session HTTP/1.1", host: "norbinet.asuscomm.com", referrer: "https://norbinet.asuscomm.com/"
2024/09/22 20:25:09 [error] 36608#14500: *17 CreateFile() "G:\Documents\Projects\HTTPServer\web/html/test_session" failed (2: The system cannot find the file specified), client: 192.168.1.1, server: localhost, request: "POST /test_session HTTP/1.1", host: "norbinet.asuscomm.com", referrer: "https://norbinet.asuscomm.com/"
2024/09/23 08:10:33 [notice] 5456#12284: using the "select" event method
2024/09/23 08:10:33 [notice] 5456#12284: using the "select" event method
2024/09/23 08:10:33 [notice] 5456#12284: nginx/1.26.2
2024/09/23 08:10:33 [notice] 5456#12284: nginx/1.26.2
2024/09/23 08:10:33 [info] 5456#12284: OS: 260200 build:9200, "", suite:100, type:1
2024/09/23 08:10:33 [notice] 5456#12284: start worker processes
2024/09/23 08:10:33 [notice] 5456#12284: start worker processes
2024/09/23 08:10:33 [notice] 5456#12284: start worker process 33228
2024/09/23 08:10:33 [notice] 5456#12284: start worker process 33228
2024/09/23 08:10:33 [notice] 33228#30908: nginx/1.26.2
2024/09/23 08:10:33 [notice] 33228#30908: nginx/1.26.2
2024/09/23 08:10:33 [info] 33228#30908: OS: 260200 build:9200, "", suite:100, type:1
2024/09/23 08:10:33 [notice] 33228#30908: create thread 16904
2024/09/23 08:10:33 [notice] 33228#30908: create thread 16904
2024/09/23 08:10:33 [notice] 33228#30908: create thread 35512
2024/09/23 08:10:33 [notice] 33228#30908: create thread 35512
2024/09/23 08:10:33 [notice] 33228#30908: create thread 28192
2024/09/23 08:10:33 [notice] 33228#30908: create thread 28192
2024/09/23 08:11:23 [info] 33228#16904: *1 SSL_do_handshake() failed (SSL: error:0A000416:SSL routines::sslv3 alert certificate unknown:SSL alert number 46) while SSL handshaking, client: 192.168.1.1, server: 0.0.0.0:443
2024/09/23 08:11:23 [info] 33228#16904: *3 SSL_do_handshake() failed (SSL: error:0A000416:SSL routines::sslv3 alert certificate unknown:SSL alert number 46) while SSL handshaking, client: 192.168.1.1, server: 0.0.0.0:443
2024/09/23 08:11:23 [info] 33228#16904: *4 SSL_do_handshake() failed (SSL: error:0A000416:SSL routines::sslv3 alert certificate unknown:SSL alert number 46) while SSL handshaking, client: 192.168.1.1, server: 0.0.0.0:443
2024/09/23 08:11:23 [info] 33228#16904: *6 SSL_do_handshake() failed (SSL: error:0A000416:SSL routines::sslv3 alert certificate unknown:SSL alert number 46) while SSL handshaking, client: 192.168.1.1, server: 0.0.0.0:443
2024/09/23 08:11:23 [error] 33228#16904: *7 CreateFile() "G:\Documents\Projects\HTTPServer\web/html/favicon.ico" failed (2: The system cannot find the file specified), client: 192.168.1.1, server: localhost, request: "GET /favicon.ico HTTP/1.1", host: "norbinet.asuscomm.com", referrer: "https://norbinet.asuscomm.com/"
2024/09/23 08:11:23 [error] 33228#16904: *7 CreateFile() "G:\Documents\Projects\HTTPServer\web/html/favicon.ico" failed (2: The system cannot find the file specified), client: 192.168.1.1, server: localhost, request: "GET /favicon.ico HTTP/1.1", host: "norbinet.asuscomm.com", referrer: "https://norbinet.asuscomm.com/"
2024/09/23 08:11:23 [error] 33228#16904: *7 CreateFile() "G:\Documents\Projects\HTTPServer\web/html/favicon.ico" failed (2: The system cannot find the file specified), client: 192.168.1.1, server: localhost, request: "GET /favicon.ico HTTP/1.1", host: "norbinet.asuscomm.com", referrer: "https://norbinet.asuscomm.com/"
2024/09/23 08:11:30 [error] 33228#16904: *7 connect() failed (10061: No connection could be made because the target machine actively refused it) while connecting to upstream, client: 192.168.1.1, server: localhost, request: "POST /api/login HTTP/1.1", upstream: "https://[::1]:8080/login", host: "norbinet.asuscomm.com", referrer: "https://norbinet.asuscomm.com/"
2024/09/23 08:11:30 [error] 33228#16904: *7 connect() failed (10061: No connection could be made because the target machine actively refused it) while connecting to upstream, client: 192.168.1.1, server: localhost, request: "POST /api/login HTTP/1.1", upstream: "https://[::1]:8080/login", host: "norbinet.asuscomm.com", referrer: "https://norbinet.asuscomm.com/"
2024/09/23 08:11:30 [error] 33228#16904: *7 connect() failed (10061: No connection could be made because the target machine actively refused it) while connecting to upstream, client: 192.168.1.1, server: localhost, request: "POST /api/login HTTP/1.1", upstream: "https://[::1]:8080/login", host: "norbinet.asuscomm.com", referrer: "https://norbinet.asuscomm.com/"
2024/09/23 08:11:30 [warn] 33228#16904: *7 upstream server temporarily disabled while connecting to upstream, client: 192.168.1.1, server: localhost, request: "POST /api/login HTTP/1.1", upstream: "https://[::1]:8080/login", host: "norbinet.asuscomm.com", referrer: "https://norbinet.asuscomm.com/"
2024/09/23 08:11:30 [warn] 33228#16904: *7 upstream server temporarily disabled while connecting to upstream, client: 192.168.1.1, server: localhost, request: "POST /api/login HTTP/1.1", upstream: "https://[::1]:8080/login", host: "norbinet.asuscomm.com", referrer: "https://norbinet.asuscomm.com/"
2024/09/23 08:11:35 [error] 33228#16904: *7 CreateFile() "G:\Documents\Projects\HTTPServer\web/html/test_session" failed (2: The system cannot find the file specified), client: 192.168.1.1, server: localhost, request: "POST /test_session HTTP/1.1", host: "norbinet.asuscomm.com", referrer: "https://norbinet.asuscomm.com/"
2024/09/23 08:11:35 [error] 33228#16904: *7 CreateFile() "G:\Documents\Projects\HTTPServer\web/html/test_session" failed (2: The system cannot find the file specified), client: 192.168.1.1, server: localhost, request: "POST /test_session HTTP/1.1", host: "norbinet.asuscomm.com", referrer: "https://norbinet.asuscomm.com/"
2024/09/23 08:11:35 [error] 33228#16904: *7 CreateFile() "G:\Documents\Projects\HTTPServer\web/html/test_session" failed (2: The system cannot find the file specified), client: 192.168.1.1, server: localhost, request: "POST /test_session HTTP/1.1", host: "norbinet.asuscomm.com", referrer: "https://norbinet.asuscomm.com/"
2024/09/23 08:11:50 [error] 33228#16904: *7 connect() failed (10061: No connection could be made because the target machine actively refused it) while connecting to upstream, client: 192.168.1.1, server: localhost, request: "POST /api/login HTTP/1.1", upstream: "https://[::1]:8080/login", host: "norbinet.asuscomm.com", referrer: "https://norbinet.asuscomm.com/"
2024/09/23 08:11:50 [error] 33228#16904: *7 connect() failed (10061: No connection could be made because the target machine actively refused it) while connecting to upstream, client: 192.168.1.1, server: localhost, request: "POST /api/login HTTP/1.1", upstream: "https://[::1]:8080/login", host: "norbinet.asuscomm.com", referrer: "https://norbinet.asuscomm.com/"
2024/09/23 08:11:50 [error] 33228#16904: *7 connect() failed (10061: No connection could be made because the target machine actively refused it) while connecting to upstream, client: 192.168.1.1, server: localhost, request: "POST /api/login HTTP/1.1", upstream: "https://[::1]:8080/login", host: "norbinet.asuscomm.com", referrer: "https://norbinet.asuscomm.com/"
2024/09/23 08:11:50 [warn] 33228#16904: *7 upstream server temporarily disabled while connecting to upstream, client: 192.168.1.1, server: localhost, request: "POST /api/login HTTP/1.1", upstream: "https://[::1]:8080/login", host: "norbinet.asuscomm.com", referrer: "https://norbinet.asuscomm.com/"
2024/09/23 08:11:50 [warn] 33228#16904: *7 upstream server temporarily disabled while connecting to upstream, client: 192.168.1.1, server: localhost, request: "POST /api/login HTTP/1.1", upstream: "https://[::1]:8080/login", host: "norbinet.asuscomm.com", referrer: "https://norbinet.asuscomm.com/"
2024/09/23 08:14:32 [info] 33228#16904: *14 SSL_do_handshake() failed (SSL: error:0A000416:SSL routines::sslv3 alert certificate unknown:SSL alert number 46) while SSL handshaking, client: 192.168.1.1, server: 0.0.0.0:443
2024/09/23 08:14:43 [error] 33228#16904: *15 connect() failed (10061: No connection could be made because the target machine actively refused it) while connecting to upstream, client: 192.168.1.1, server: localhost, request: "POST /api/login HTTP/1.1", upstream: "https://[::1]:8080/login", host: "norbinet.asuscomm.com", referrer: "https://norbinet.asuscomm.com/"
2024/09/23 08:14:43 [error] 33228#16904: *15 connect() failed (10061: No connection could be made because the target machine actively refused it) while connecting to upstream, client: 192.168.1.1, server: localhost, request: "POST /api/login HTTP/1.1", upstream: "https://[::1]:8080/login", host: "norbinet.asuscomm.com", referrer: "https://norbinet.asuscomm.com/"
2024/09/23 08:14:43 [error] 33228#16904: *15 connect() failed (10061: No connection could be made because the target machine actively refused it) while connecting to upstream, client: 192.168.1.1, server: localhost, request: "POST /api/login HTTP/1.1", upstream: "https://[::1]:8080/login", host: "norbinet.asuscomm.com", referrer: "https://norbinet.asuscomm.com/"
2024/09/23 08:14:43 [warn] 33228#16904: *15 upstream server temporarily disabled while connecting to upstream, client: 192.168.1.1, server: localhost, request: "POST /api/login HTTP/1.1", upstream: "https://[::1]:8080/login", host: "norbinet.asuscomm.com", referrer: "https://norbinet.asuscomm.com/"
2024/09/23 08:14:43 [warn] 33228#16904: *15 upstream server temporarily disabled while connecting to upstream, client: 192.168.1.1, server: localhost, request: "POST /api/login HTTP/1.1", upstream: "https://[::1]:8080/login", host: "norbinet.asuscomm.com", referrer: "https://norbinet.asuscomm.com/"
2024/09/23 08:16:39 [notice] 31540#10480: signal process started
2024/09/23 08:16:39 [notice] 5456#12284: exiting
2024/09/23 08:16:39 [notice] 5456#12284: exiting
2024/09/23 08:16:39 [notice] 33228#30908: gracefully shutting down
2024/09/23 08:16:39 [notice] 33228#30908: gracefully shutting down
2024/09/23 08:16:39 [notice] 33228#35512: exiting
2024/09/23 08:16:39 [notice] 33228#35512: exiting
2024/09/23 08:16:39 [notice] 33228#16904: exiting
2024/09/23 08:16:39 [notice] 33228#16904: exiting
2024/09/23 08:16:39 [notice] 33228#30908: exit
2024/09/23 08:16:39 [notice] 33228#30908: exit
2024/09/23 08:16:39 [notice] 5456#12284: worker process 33228 exited with code 0
2024/09/23 08:16:39 [notice] 5456#12284: worker process 33228 exited with code 0
2024/09/23 08:16:39 [notice] 5456#12284: exit
2024/09/23 08:16:39 [notice] 5456#12284: exit
2024/09/23 08:16:42 [notice] 21196#1544: signal process started
2024/09/23 08:16:42 [error] 21196#1544: CreateFile() "G:\Documents\Projects\HTTPServer\web/logs/nginx.pid" failed (2: The system cannot find the file specified)
2024/09/23 08:16:46 [notice] 29928#27744: using the "select" event method
2024/09/23 08:16:46 [notice] 29928#27744: using the "select" event method
2024/09/23 08:16:46 [notice] 29928#27744: nginx/1.26.2
2024/09/23 08:16:46 [notice] 29928#27744: nginx/1.26.2
2024/09/23 08:16:46 [info] 29928#27744: OS: 260200 build:9200, "", suite:100, type:1
2024/09/23 08:16:46 [notice] 29928#27744: start worker processes
2024/09/23 08:16:46 [notice] 29928#27744: start worker processes
2024/09/23 08:16:46 [notice] 29928#27744: start worker process 38756
2024/09/23 08:16:46 [notice] 29928#27744: start worker process 38756
2024/09/23 08:16:46 [notice] 38756#31300: nginx/1.26.2
2024/09/23 08:16:46 [notice] 38756#31300: nginx/1.26.2
2024/09/23 08:16:46 [info] 38756#31300: OS: 260200 build:9200, "", suite:100, type:1
2024/09/23 08:16:46 [notice] 38756#31300: create thread 15820
2024/09/23 08:16:46 [notice] 38756#31300: create thread 15820
2024/09/23 08:16:46 [notice] 38756#31300: create thread 24716
2024/09/23 08:16:46 [notice] 38756#31300: create thread 24716
2024/09/23 08:16:46 [notice] 38756#31300: create thread 27412
2024/09/23 08:16:46 [notice] 38756#31300: create thread 27412
2024/09/23 08:16:48 [info] 38756#15820: *1 SSL_do_handshake() failed (SSL: error:0A000416:SSL routines::sslv3 alert certificate unknown:SSL alert number 46) while SSL handshaking, client: 192.168.1.1, server: 0.0.0.0:443
2024/09/23 08:16:50 [info] 38756#15820: *3 SSL_do_handshake() failed (SSL: error:0A000416:SSL routines::sslv3 alert certificate unknown:SSL alert number 46) while SSL handshaking, client: 192.168.1.1, server: 0.0.0.0:443
2024/09/23 08:16:51 [info] 38756#15820: *5 SSL_do_handshake() failed (SSL: error:0A000416:SSL routines::sslv3 alert certificate unknown:SSL alert number 46) while SSL handshaking, client: 192.168.1.1, server: 0.0.0.0:443
2024/09/23 08:16:51 [info] 38756#15820: *6 SSL_do_handshake() failed (SSL: error:0A000416:SSL routines::sslv3 alert certificate unknown:SSL alert number 46) while SSL handshaking, client: 192.168.1.1, server: 0.0.0.0:443
2024/09/23 08:16:51 [info] 38756#15820: *9 SSL_do_handshake() failed (SSL: error:0A000416:SSL routines::sslv3 alert certificate unknown:SSL alert number 46) while SSL handshaking, client: 192.168.1.1, server: 0.0.0.0:443
2024/09/23 08:16:59 [error] 38756#15820: *7 connect() failed (10061: No connection could be made because the target machine actively refused it) while connecting to upstream, client: 192.168.1.1, server: localhost, request: "POST /api/login HTTP/1.1", upstream: "https://[::1]:8080/login", host: "norbinet.asuscomm.com", referrer: "https://norbinet.asuscomm.com/"
2024/09/23 08:16:59 [error] 38756#15820: *7 connect() failed (10061: No connection could be made because the target machine actively refused it) while connecting to upstream, client: 192.168.1.1, server: localhost, request: "POST /api/login HTTP/1.1", upstream: "https://[::1]:8080/login", host: "norbinet.asuscomm.com", referrer: "https://norbinet.asuscomm.com/"
2024/09/23 08:16:59 [error] 38756#15820: *7 connect() failed (10061: No connection could be made because the target machine actively refused it) while connecting to upstream, client: 192.168.1.1, server: localhost, request: "POST /api/login HTTP/1.1", upstream: "https://[::1]:8080/login", host: "norbinet.asuscomm.com", referrer: "https://norbinet.asuscomm.com/"
2024/09/23 08:16:59 [warn] 38756#15820: *7 upstream server temporarily disabled while connecting to upstream, client: 192.168.1.1, server: localhost, request: "POST /api/login HTTP/1.1", upstream: "https://[::1]:8080/login", host: "norbinet.asuscomm.com", referrer: "https://norbinet.asuscomm.com/"
2024/09/23 08:16:59 [warn] 38756#15820: *7 upstream server temporarily disabled while connecting to upstream, client: 192.168.1.1, server: localhost, request: "POST /api/login HTTP/1.1", upstream: "https://[::1]:8080/login", host: "norbinet.asuscomm.com", referrer: "https://norbinet.asuscomm.com/"
2024/09/23 08:17:09 [info] 38756#15820: *13 SSL_do_handshake() failed (SSL: error:0A000416:SSL routines::sslv3 alert certificate unknown:SSL alert number 46) while SSL handshaking, client: 192.168.1.1, server: 0.0.0.0:443
2024/09/23 08:17:09 [info] 38756#15820: *14 client 192.168.1.1 closed keepalive connection
2024/09/23 08:22:28 [emerg] 10600#22020: invalid URL prefix in G:\Documents\Projects\HTTPServer\web/conf/nginx.conf:79
2024/09/23 08:22:29 [emerg] 30488#8132: invalid URL prefix in G:\Documents\Projects\HTTPServer\web/conf/nginx.conf:79
2024/09/23 08:22:32 [emerg] 19228#39596: invalid URL prefix in G:\Documents\Projects\HTTPServer\web/conf/nginx.conf:79
2024/09/23 08:22:46 [info] 38756#15820: *15 SSL_do_handshake() failed (SSL: error:0A000416:SSL routines::sslv3 alert certificate unknown:SSL alert number 46) while SSL handshaking, client: 192.168.1.1, server: 0.0.0.0:443
2024/09/23 08:22:46 [info] 38756#15820: *17 SSL_do_handshake() failed (SSL: error:0A000416:SSL routines::sslv3 alert certificate unknown:SSL alert number 46) while SSL handshaking, client: 192.168.1.1, server: 0.0.0.0:443
2024/09/23 08:22:46 [info] 38756#15820: *18 SSL_do_handshake() failed (SSL: error:0A000416:SSL routines::sslv3 alert certificate unknown:SSL alert number 46) while SSL handshaking, client: 192.168.1.1, server: 0.0.0.0:443
2024/09/23 08:22:46 [info] 38756#15820: *21 SSL_do_handshake() failed (SSL: error:0A000416:SSL routines::sslv3 alert certificate unknown:SSL alert number 46) while SSL handshaking, client: 192.168.1.1, server: 0.0.0.0:443
2024/09/23 08:22:46 [info] 38756#15820: *22 SSL_do_handshake() failed (SSL: error:0A000416:SSL routines::sslv3 alert certificate unknown:SSL alert number 46) while SSL handshaking, client: 192.168.1.1, server: 0.0.0.0:443
2024/09/23 08:23:07 [info] 38756#15820: *25 SSL_do_handshake() failed (SSL: error:0A000416:SSL routines::sslv3 alert certificate unknown:SSL alert number 46) while SSL handshaking, client: 192.168.1.1, server: 0.0.0.0:443
2024/09/23 08:23:07 [info] 38756#15820: *26 client 192.168.1.1 closed keepalive connection
2024/09/23 08:26:07 [info] 38756#15820: *27 SSL_do_handshake() failed (SSL: error:0A000416:SSL routines::sslv3 alert certificate unknown:SSL alert number 46) while SSL handshaking, client: 192.168.1.1, server: 0.0.0.0:443
2024/09/23 08:26:07 [info] 38756#15820: *29 SSL_do_handshake() failed (SSL: error:0A000416:SSL routines::sslv3 alert certificate unknown:SSL alert number 46) while SSL handshaking, client: 192.168.1.1, server: 0.0.0.0:443
2024/09/23 08:26:07 [info] 38756#15820: *30 SSL_do_handshake() failed (SSL: error:0A000416:SSL routines::sslv3 alert certificate unknown:SSL alert number 46) while SSL handshaking, client: 192.168.1.1, server: 0.0.0.0:443
2024/09/23 08:26:13 [emerg] 24692#11640: invalid URL prefix in G:\Documents\Projects\HTTPServer\web/conf/nginx.conf:79
2024/09/23 08:26:39 [emerg] 19876#34696: invalid URL prefix in G:\Documents\Projects\HTTPServer\web/conf/nginx.conf:79
2024/09/23 08:27:05 [emerg] 15160#11696: invalid URL prefix in G:\Documents\Projects\HTTPServer\web/conf/nginx.conf:79
2024/09/23 08:27:07 [emerg] 40368#5484: invalid URL prefix in G:\Documents\Projects\HTTPServer\web/conf/nginx.conf:79
2024/09/23 08:27:07 [info] 38756#15820: *32 client timed out (10060: A connection attempt failed because the connected party did not properly respond after a period of time, or established connection failed because connected host has failed to respond) while waiting for request, client: 192.168.1.1, server: 0.0.0.0:443
2024/09/23 08:27:12 [emerg] 12772#16352: invalid URL prefix in G:\Documents\Projects\HTTPServer\web/conf/nginx.conf:79
2024/09/23 08:27:22 [emerg] 24332#28352: invalid URL prefix in G:\Documents\Projects\HTTPServer\web/conf/nginx.conf:79
2024/09/23 08:27:47 [notice] 35156#28328: signal process started
2024/09/23 08:27:47 [notice] 29928#27744: exiting
2024/09/23 08:27:47 [notice] 29928#27744: exiting
2024/09/23 08:27:47 [notice] 38756#31300: gracefully shutting down
2024/09/23 08:27:47 [notice] 38756#31300: gracefully shutting down
2024/09/23 08:27:47 [notice] 38756#24716: exiting
2024/09/23 08:27:47 [notice] 38756#24716: exiting
2024/09/23 08:27:47 [notice] 38756#15820: exiting
2024/09/23 08:27:47 [notice] 38756#15820: exiting
2024/09/23 08:27:47 [notice] 38756#31300: exit
2024/09/23 08:27:47 [notice] 38756#31300: exit
2024/09/23 08:27:47 [notice] 29928#27744: worker process 38756 exited with code 0
2024/09/23 08:27:47 [notice] 29928#27744: worker process 38756 exited with code 0
2024/09/23 08:27:47 [notice] 29928#27744: exit
2024/09/23 08:27:47 [notice] 29928#27744: exit
2024/09/23 08:27:49 [notice] 22364#34424: using the "select" event method
2024/09/23 08:27:49 [notice] 22364#34424: using the "select" event method
2024/09/23 08:27:49 [notice] 22364#34424: nginx/1.26.2
2024/09/23 08:27:49 [notice] 22364#34424: nginx/1.26.2
2024/09/23 08:27:49 [info] 22364#34424: OS: 260200 build:9200, "", suite:100, type:1
2024/09/23 08:27:49 [notice] 22364#34424: start worker processes
2024/09/23 08:27:49 [notice] 22364#34424: start worker processes
2024/09/23 08:27:49 [notice] 22364#34424: start worker process 15420
2024/09/23 08:27:49 [notice] 22364#34424: start worker process 15420
2024/09/23 08:27:49 [notice] 15420#13916: nginx/1.26.2
2024/09/23 08:27:49 [notice] 15420#13916: nginx/1.26.2
2024/09/23 08:27:49 [info] 15420#13916: OS: 260200 build:9200, "", suite:100, type:1
2024/09/23 08:27:49 [notice] 15420#13916: create thread 9964
2024/09/23 08:27:49 [notice] 15420#13916: create thread 9964
2024/09/23 08:27:49 [notice] 15420#13916: create thread 31036
2024/09/23 08:27:49 [notice] 15420#13916: create thread 31036
2024/09/23 08:27:49 [notice] 15420#13916: create thread 39416
2024/09/23 08:27:49 [notice] 15420#13916: create thread 39416
2024/09/23 08:27:53 [info] 15420#9964: *1 SSL_do_handshake() failed (SSL: error:0A000416:SSL routines::sslv3 alert certificate unknown:SSL alert number 46) while SSL handshaking, client: 192.168.1.1, server: 0.0.0.0:443
2024/09/23 08:27:53 [info] 15420#9964: *2 SSL_do_handshake() failed (SSL: error:0A000416:SSL routines::sslv3 alert certificate unknown:SSL alert number 46) while SSL handshaking, client: 192.168.1.1, server: 0.0.0.0:443
2024/09/23 08:27:53 [info] 15420#9964: *4 SSL_do_handshake() failed (SSL: error:0A000416:SSL routines::sslv3 alert certificate unknown:SSL alert number 46) while SSL handshaking, client: 192.168.1.1, server: 0.0.0.0:443
2024/09/23 08:27:53 [info] 15420#9964: *5 SSL_do_handshake() failed (SSL: error:0A000416:SSL routines::sslv3 alert certificate unknown:SSL alert number 46) while SSL handshaking, client: 192.168.1.1, server: 0.0.0.0:443
2024/09/23 08:27:53 [info] 15420#9964: *8 SSL_do_handshake() failed (SSL: error:0A000416:SSL routines::sslv3 alert certificate unknown:SSL alert number 46) while SSL handshaking, client: 192.168.1.1, server: 0.0.0.0:443
2024/09/23 08:28:01 [error] 15420#9964: *6 connect() failed (10061: No connection could be made because the target machine actively refused it) while connecting to upstream, client: 192.168.1.1, server: localhost, request: "POST /api/login HTTP/1.1", upstream: "https://[::1]:8080/login", host: "norbinet.asuscomm.com", referrer: "https://norbinet.asuscomm.com/"
2024/09/23 08:28:01 [error] 15420#9964: *6 connect() failed (10061: No connection could be made because the target machine actively refused it) while connecting to upstream, client: 192.168.1.1, server: localhost, request: "POST /api/login HTTP/1.1", upstream: "https://[::1]:8080/login", host: "norbinet.asuscomm.com", referrer: "https://norbinet.asuscomm.com/"
2024/09/23 08:28:01 [error] 15420#9964: *6 connect() failed (10061: No connection could be made because the target machine actively refused it) while connecting to upstream, client: 192.168.1.1, server: localhost, request: "POST /api/login HTTP/1.1", upstream: "https://[::1]:8080/login", host: "norbinet.asuscomm.com", referrer: "https://norbinet.asuscomm.com/"
2024/09/23 08:28:01 [warn] 15420#9964: *6 upstream server temporarily disabled while connecting to upstream, client: 192.168.1.1, server: localhost, request: "POST /api/login HTTP/1.1", upstream: "https://[::1]:8080/login", host: "norbinet.asuscomm.com", referrer: "https://norbinet.asuscomm.com/"
2024/09/23 08:28:01 [warn] 15420#9964: *6 upstream server temporarily disabled while connecting to upstream, client: 192.168.1.1, server: localhost, request: "POST /api/login HTTP/1.1", upstream: "https://[::1]:8080/login", host: "norbinet.asuscomm.com", referrer: "https://norbinet.asuscomm.com/"
2024/09/23 08:28:11 [info] 15420#9964: *11 SSL_do_handshake() failed (SSL: error:0A000416:SSL routines::sslv3 alert certificate unknown:SSL alert number 46) while SSL handshaking, client: 192.168.1.1, server: 0.0.0.0:443
2024/09/23 08:28:11 [info] 15420#9964: *12 client 192.168.1.1 closed keepalive connection
2024/09/23 08:29:04 [notice] 8736#5488: signal process started
2024/09/23 08:29:04 [notice] 22364#34424: shutting down
2024/09/23 08:29:04 [notice] 22364#34424: shutting down
2024/09/23 08:29:04 [notice] 15420#13916: gracefully shutting down
2024/09/23 08:29:04 [notice] 15420#13916: gracefully shutting down
2024/09/23 08:29:04 [notice] 15420#31036: exiting
2024/09/23 08:29:04 [notice] 15420#31036: exiting
2024/09/23 08:29:04 [notice] 15420#9964: exiting
2024/09/23 08:29:04 [notice] 15420#9964: exiting
2024/09/23 08:29:04 [notice] 15420#13916: exit
2024/09/23 08:29:04 [notice] 15420#13916: exit
2024/09/23 08:29:04 [notice] 22364#34424: worker process 15420 exited with code 0
2024/09/23 08:29:04 [notice] 22364#34424: worker process 15420 exited with code 0
2024/09/23 08:29:04 [notice] 22364#34424: exit
2024/09/23 08:29:04 [notice] 22364#34424: exit
2024/09/23 08:29:06 [notice] 20156#1612: signal process started
2024/09/23 08:29:06 [error] 20156#1612: CreateFile() "G:\Documents\Projects\HTTPServer\web/logs/nginx.pid" failed (2: The system cannot find the file specified)
2024/09/23 08:29:19 [notice] 9760#27376: using the "select" event method
2024/09/23 08:29:19 [notice] 9760#27376: using the "select" event method
2024/09/23 08:29:19 [notice] 9760#27376: nginx/1.26.2
2024/09/23 08:29:19 [notice] 9760#27376: nginx/1.26.2
2024/09/23 08:29:19 [info] 9760#27376: OS: 260200 build:9200, "", suite:100, type:1
2024/09/23 08:29:19 [notice] 9760#27376: start worker processes
2024/09/23 08:29:19 [notice] 9760#27376: start worker processes
2024/09/23 08:29:19 [notice] 9760#27376: start worker process 32736
2024/09/23 08:29:19 [notice] 9760#27376: start worker process 32736
2024/09/23 08:29:19 [notice] 32736#13976: nginx/1.26.2
2024/09/23 08:29:19 [notice] 32736#13976: nginx/1.26.2
2024/09/23 08:29:19 [info] 32736#13976: OS: 260200 build:9200, "", suite:100, type:1
2024/09/23 08:29:19 [notice] 32736#13976: create thread 24032
2024/09/23 08:29:19 [notice] 32736#13976: create thread 24032
2024/09/23 08:29:19 [notice] 32736#13976: create thread 11756
2024/09/23 08:29:19 [notice] 32736#13976: create thread 11756
2024/09/23 08:29:19 [notice] 32736#13976: create thread 9784
2024/09/23 08:29:19 [notice] 32736#13976: create thread 9784
2024/09/23 08:29:20 [info] 32736#24032: *1 SSL_do_handshake() failed (SSL: error:0A000416:SSL routines::sslv3 alert certificate unknown:SSL alert number 46) while SSL handshaking, client: 192.168.1.1, server: 0.0.0.0:443
2024/09/23 08:29:21 [info] 32736#24032: *2 SSL_do_handshake() failed (SSL: error:0A000416:SSL routines::sslv3 alert certificate unknown:SSL alert number 46) while SSL handshaking, client: 192.168.1.1, server: 0.0.0.0:443
2024/09/23 08:29:21 [info] 32736#24032: *4 SSL_do_handshake() failed (SSL: error:0A000416:SSL routines::sslv3 alert certificate unknown:SSL alert number 46) while SSL handshaking, client: 192.168.1.1, server: 0.0.0.0:443
2024/09/23 08:29:21 [info] 32736#24032: *5 SSL_do_handshake() failed (SSL: error:0A000416:SSL routines::sslv3 alert certificate unknown:SSL alert number 46) while SSL handshaking, client: 192.168.1.1, server: 0.0.0.0:443
2024/09/23 08:29:21 [info] 32736#24032: *8 SSL_do_handshake() failed (SSL: error:0A000416:SSL routines::sslv3 alert certificate unknown:SSL alert number 46) while SSL handshaking, client: 192.168.1.1, server: 0.0.0.0:443
2024/09/23 08:29:26 [error] 32736#24032: *6 connect() failed (10061: No connection could be made because the target machine actively refused it) while connecting to upstream, client: 192.168.1.1, server: localhost, request: "POST /api/login HTTP/1.1", upstream: "https://[::1]:8080/login", host: "norbinet.asuscomm.com", referrer: "https://norbinet.asuscomm.com/"
2024/09/23 08:29:26 [error] 32736#24032: *6 connect() failed (10061: No connection could be made because the target machine actively refused it) while connecting to upstream, client: 192.168.1.1, server: localhost, request: "POST /api/login HTTP/1.1", upstream: "https://[::1]:8080/login", host: "norbinet.asuscomm.com", referrer: "https://norbinet.asuscomm.com/"
2024/09/23 08:29:26 [error] 32736#24032: *6 connect() failed (10061: No connection could be made because the target machine actively refused it) while connecting to upstream, client: 192.168.1.1, server: localhost, request: "POST /api/login HTTP/1.1", upstream: "https://[::1]:8080/login", host: "norbinet.asuscomm.com", referrer: "https://norbinet.asuscomm.com/"
2024/09/23 08:29:26 [warn] 32736#24032: *6 upstream server temporarily disabled while connecting to upstream, client: 192.168.1.1, server: localhost, request: "POST /api/login HTTP/1.1", upstream: "https://[::1]:8080/login", host: "norbinet.asuscomm.com", referrer: "https://norbinet.asuscomm.com/"
2024/09/23 08:29:26 [warn] 32736#24032: *6 upstream server temporarily disabled while connecting to upstream, client: 192.168.1.1, server: localhost, request: "POST /api/login HTTP/1.1", upstream: "https://[::1]:8080/login", host: "norbinet.asuscomm.com", referrer: "https://norbinet.asuscomm.com/"
2024/09/23 08:29:26 [info] 32736#24032: *11 SSL_do_handshake() failed (SSL: error:0A000416:SSL routines::sslv3 alert certificate unknown:SSL alert number 46) while SSL handshaking, client: 192.168.1.1, server: 0.0.0.0:443
2024/09/23 08:29:27 [info] 32736#24032: *12 SSL_do_handshake() failed (SSL: error:0A000416:SSL routines::sslv3 alert certificate unknown:SSL alert number 46) while SSL handshaking, client: 192.168.1.1, server: 0.0.0.0:443
2024/09/23 08:29:28 [info] 32736#24032: *13 SSL_do_handshake() failed (SSL: error:0A000416:SSL routines::sslv3 alert certificate unknown:SSL alert number 46) while SSL handshaking, client: 192.168.1.1, server: 0.0.0.0:443
2024/09/23 08:29:28 [info] 32736#24032: *14 client 192.168.1.1 closed keepalive connection
2024/09/23 08:30:31 [info] 32736#24032: *15 SSL_do_handshake() failed (SSL: error:0A000416:SSL routines::sslv3 alert certificate unknown:SSL alert number 46) while SSL handshaking, client: 192.168.1.1, server: 0.0.0.0:443
2024/09/23 08:30:32 [info] 32736#24032: *17 SSL_do_handshake() failed (SSL: error:0A000416:SSL routines::sslv3 alert certificate unknown:SSL alert number 46) while SSL handshaking, client: 192.168.1.1, server: 0.0.0.0:443
2024/09/23 08:30:32 [info] 32736#24032: *18 client 192.168.1.1 closed keepalive connection
2024/09/23 08:30:35 [info] 32736#24032: *19 SSL_do_handshake() failed (SSL: error:0A000416:SSL routines::sslv3 alert certificate unknown:SSL alert number 46) while SSL handshaking, client: 192.168.1.1, server: 0.0.0.0:443
2024/09/23 08:30:50 [info] 32736#24032: *21 SSL_do_handshake() failed (SSL: error:0A000416:SSL routines::sslv3 alert certificate unknown:SSL alert number 46) while SSL handshaking, client: 192.168.1.1, server: 0.0.0.0:443
2024/09/23 08:30:50 [info] 32736#24032: *22 client 192.168.1.1 closed keepalive connection
2024/09/23 08:34:07 [emerg] 2204#21300: invalid number of arguments in "location" directive in G:\Documents\Projects\HTTPServer\web/conf/nginx.conf:77
2024/09/23 08:34:20 [emerg] 39520#37592: invalid number of arguments in "location" directive in G:\Documents\Projects\HTTPServer\web/conf/nginx.conf:77
2024/09/23 08:34:22 [emerg] 10360#29980: invalid location modifier "/ws" in G:\Documents\Projects\HTTPServer\web/conf/nginx.conf:77
2024/09/23 08:34:36 [notice] 21784#23472: signal process started
2024/09/23 08:34:36 [notice] 9760#27376: exiting
2024/09/23 08:34:36 [notice] 9760#27376: exiting
2024/09/23 08:34:36 [notice] 32736#13976: gracefully shutting down
2024/09/23 08:34:36 [notice] 32736#13976: gracefully shutting down
2024/09/23 08:34:36 [notice] 32736#11756: exiting
2024/09/23 08:34:36 [notice] 32736#11756: exiting
2024/09/23 08:34:36 [notice] 32736#24032: exiting
2024/09/23 08:34:36 [notice] 32736#24032: exiting
2024/09/23 08:34:36 [notice] 32736#13976: exit
2024/09/23 08:34:36 [notice] 32736#13976: exit
2024/09/23 08:34:36 [notice] 9760#27376: worker process 32736 exited with code 0
2024/09/23 08:34:36 [notice] 9760#27376: worker process 32736 exited with code 0
2024/09/23 08:34:36 [notice] 9760#27376: exit
2024/09/23 08:34:36 [notice] 9760#27376: exit
2024/09/23 08:34:38 [notice] 34424#18428: using the "select" event method
2024/09/23 08:34:38 [notice] 34424#18428: using the "select" event method
2024/09/23 08:34:38 [notice] 34424#18428: nginx/1.26.2
2024/09/23 08:34:38 [notice] 34424#18428: nginx/1.26.2
2024/09/23 08:34:38 [info] 34424#18428: OS: 260200 build:9200, "", suite:100, type:1
2024/09/23 08:34:38 [notice] 34424#18428: start worker processes
2024/09/23 08:34:38 [notice] 34424#18428: start worker processes
2024/09/23 08:34:38 [notice] 34424#18428: start worker process 17040
2024/09/23 08:34:38 [notice] 34424#18428: start worker process 17040
2024/09/23 08:34:38 [notice] 17040#13336: nginx/1.26.2
2024/09/23 08:34:38 [notice] 17040#13336: nginx/1.26.2
2024/09/23 08:34:38 [info] 17040#13336: OS: 260200 build:9200, "", suite:100, type:1
2024/09/23 08:34:38 [notice] 17040#13336: create thread 11148
2024/09/23 08:34:38 [notice] 17040#13336: create thread 11148
2024/09/23 08:34:38 [notice] 17040#13336: create thread 31016
2024/09/23 08:34:38 [notice] 17040#13336: create thread 31016
2024/09/23 08:34:38 [notice] 17040#13336: create thread 27352
2024/09/23 08:34:38 [notice] 17040#13336: create thread 27352
2024/09/23 08:34:42 [info] 17040#11148: *1 SSL_do_handshake() failed (SSL: error:0A000416:SSL routines::sslv3 alert certificate unknown:SSL alert number 46) while SSL handshaking, client: 192.168.1.1, server: 0.0.0.0:443
2024/09/23 08:34:44 [info] 17040#11148: *3 SSL_do_handshake() failed (SSL: error:0A000416:SSL routines::sslv3 alert certificate unknown:SSL alert number 46) while SSL handshaking, client: 192.168.1.1, server: 0.0.0.0:443
2024/09/23 08:34:44 [info] 17040#11148: *4 client 192.168.1.1 closed keepalive connection
2024/09/23 08:35:06 [emerg] 19632#22416: unknown log format "main" in G:\Documents\Projects\HTTPServer\web/conf/nginx.conf:54
2024/09/23 08:35:11 [notice] 35348#31396: using the "select" event method
2024/09/23 08:35:11 [notice] 35348#31396: using the "select" event method
2024/09/23 08:35:11 [notice] 35348#31396: nginx/1.26.2
2024/09/23 08:35:11 [notice] 35348#31396: nginx/1.26.2
2024/09/23 08:35:11 [info] 35348#31396: OS: 260200 build:9200, "", suite:100, type:1
2024/09/23 08:35:11 [notice] 35348#31396: start worker processes
2024/09/23 08:35:11 [notice] 35348#31396: start worker processes
2024/09/23 08:35:11 [notice] 35348#31396: start worker process 3524
2024/09/23 08:35:11 [notice] 35348#31396: start worker process 3524
2024/09/23 08:35:11 [notice] 3524#20236: nginx/1.26.2
2024/09/23 08:35:11 [notice] 3524#20236: nginx/1.26.2
2024/09/23 08:35:11 [info] 3524#20236: OS: 260200 build:9200, "", suite:100, type:1
2024/09/23 08:35:11 [notice] 3524#20236: create thread 16396
2024/09/23 08:35:11 [notice] 3524#20236: create thread 16396
2024/09/23 08:35:11 [notice] 3524#20236: create thread 20576
2024/09/23 08:35:11 [notice] 3524#20236: create thread 20576
2024/09/23 08:35:11 [notice] 3524#20236: create thread 10900
2024/09/23 08:35:11 [notice] 3524#20236: create thread 10900
2024/09/23 08:35:22 [info] 17040#11148: *5 SSL_do_handshake() failed (SSL: error:0A000416:SSL routines::sslv3 alert certificate unknown:SSL alert number 46) while SSL handshaking, client: 192.168.1.1, server: 0.0.0.0:443
2024/09/23 08:35:22 [info] 17040#11148: *6 client 192.168.1.1 closed keepalive connection
2024/09/23 08:38:17 [notice] 10692#26600: signal process started
2024/09/23 08:38:17 [notice] 35348#31396: exiting
2024/09/23 08:38:17 [notice] 35348#31396: exiting
2024/09/23 08:38:17 [notice] 3524#20236: gracefully shutting down
2024/09/23 08:38:17 [notice] 3524#20236: gracefully shutting down
2024/09/23 08:38:17 [notice] 3524#20576: exiting
2024/09/23 08:38:17 [notice] 3524#20576: exiting
2024/09/23 08:38:18 [notice] 3524#16396: exiting
2024/09/23 08:38:18 [notice] 3524#16396: exiting
2024/09/23 08:38:18 [notice] 3524#20236: exit
2024/09/23 08:38:18 [notice] 3524#20236: exit
2024/09/23 08:38:18 [notice] 35348#31396: worker process 3524 exited with code 0
2024/09/23 08:38:18 [notice] 35348#31396: worker process 3524 exited with code 0
2024/09/23 08:38:18 [notice] 35348#31396: exit
2024/09/23 08:38:18 [notice] 35348#31396: exit
2024/09/23 08:38:24 [notice] 31868#4800: using the "select" event method
2024/09/23 08:38:24 [notice] 31868#4800: using the "select" event method
2024/09/23 08:38:24 [notice] 31868#4800: nginx/1.26.2
2024/09/23 08:38:24 [notice] 31868#4800: nginx/1.26.2
2024/09/23 08:38:24 [info] 31868#4800: OS: 260200 build:9200, "", suite:100, type:1
2024/09/23 08:38:24 [notice] 31868#4800: start worker processes
2024/09/23 08:38:24 [notice] 31868#4800: start worker processes
2024/09/23 08:38:24 [notice] 31868#4800: start worker process 20488
2024/09/23 08:38:24 [notice] 31868#4800: start worker process 20488
2024/09/23 08:38:24 [notice] 20488#29600: nginx/1.26.2
2024/09/23 08:38:24 [notice] 20488#29600: nginx/1.26.2
2024/09/23 08:38:24 [info] 20488#29600: OS: 260200 build:9200, "", suite:100, type:1
2024/09/23 08:38:24 [notice] 20488#29600: create thread 11452
2024/09/23 08:38:24 [notice] 20488#29600: create thread 11452
2024/09/23 08:38:24 [notice] 20488#29600: create thread 24048
2024/09/23 08:38:24 [notice] 20488#29600: create thread 24048
2024/09/23 08:38:24 [notice] 20488#29600: create thread 4824
2024/09/23 08:38:24 [notice] 20488#29600: create thread 4824
2024/09/23 08:38:24 [info] 17040#11148: *7 SSL_do_handshake() failed (SSL: error:0A000416:SSL routines::sslv3 alert certificate unknown:SSL alert number 46) while SSL handshaking, client: 192.168.1.1, server: 0.0.0.0:443
2024/09/23 08:38:25 [info] 17040#11148: *8 SSL_do_handshake() failed (SSL: error:0A000416:SSL routines::sslv3 alert certificate unknown:SSL alert number 46) while SSL handshaking, client: 192.168.1.1, server: 0.0.0.0:443
2024/09/23 08:38:25 [info] 17040#11148: *11 SSL_do_handshake() failed (SSL: error:0A000416:SSL routines::sslv3 alert certificate unknown:SSL alert number 46) while SSL handshaking, client: 192.168.1.1, server: 0.0.0.0:443
2024/09/23 08:38:25 [info] 17040#11148: *10 SSL_do_handshake() failed (SSL: error:0A000416:SSL routines::sslv3 alert certificate unknown:SSL alert number 46) while SSL handshaking, client: 192.168.1.1, server: 0.0.0.0:443
2024/09/23 08:38:25 [info] 17040#11148: *13 SSL_do_handshake() failed (SSL: error:0A000416:SSL routines::sslv3 alert certificate unknown:SSL alert number 46) while SSL handshaking, client: 192.168.1.1, server: 0.0.0.0:443
2024/09/23 08:38:25 [info] 17040#11148: *14 SSL_do_handshake() failed (SSL: error:0A000416:SSL routines::sslv3 alert certificate unknown:SSL alert number 46) while SSL handshaking, client: 192.168.1.1, server: 0.0.0.0:443
2024/09/23 08:38:31 [error] 17040#11148: *12 connect() failed (10061: No connection could be made because the target machine actively refused it) while connecting to upstream, client: 192.168.1.1, server: localhost, request: "POST /api/login HTTP/1.1", upstream: "https://[::1]:8080/login", host: "norbinet.asuscomm.com", referrer: "https://norbinet.asuscomm.com/"
2024/09/23 08:38:31 [error] 17040#11148: *12 connect() failed (10061: No connection could be made because the target machine actively refused it) while connecting to upstream, client: 192.168.1.1, server: localhost, request: "POST /api/login HTTP/1.1", upstream: "https://[::1]:8080/login", host: "norbinet.asuscomm.com", referrer: "https://norbinet.asuscomm.com/"
2024/09/23 08:38:31 [error] 17040#11148: *12 connect() failed (10061: No connection could be made because the target machine actively refused it) while connecting to upstream, client: 192.168.1.1, server: localhost, request: "POST /api/login HTTP/1.1", upstream: "https://[::1]:8080/login", host: "norbinet.asuscomm.com", referrer: "https://norbinet.asuscomm.com/"
2024/09/23 08:38:31 [warn] 17040#11148: *12 upstream server temporarily disabled while connecting to upstream, client: 192.168.1.1, server: localhost, request: "POST /api/login HTTP/1.1", upstream: "https://[::1]:8080/login", host: "norbinet.asuscomm.com", referrer: "https://norbinet.asuscomm.com/"
2024/09/23 08:38:31 [warn] 17040#11148: *12 upstream server temporarily disabled while connecting to upstream, client: 192.168.1.1, server: localhost, request: "POST /api/login HTTP/1.1", upstream: "https://[::1]:8080/login", host: "norbinet.asuscomm.com", referrer: "https://norbinet.asuscomm.com/"
2024/09/23 08:38:41 [info] 17040#11148: *19 SSL_do_handshake() failed (SSL: error:0A000416:SSL routines::sslv3 alert certificate unknown:SSL alert number 46) while SSL handshaking, client: 192.168.1.1, server: 0.0.0.0:443
2024/09/23 08:39:25 [info] 17040#11148: *15 client timed out (10060: A connection attempt failed because the connected party did not properly respond after a period of time, or established connection failed because connected host has failed to respond) while waiting for request, client: 192.168.1.1, server: 0.0.0.0:443
2024/09/23 08:39:25 [info] 17040#11148: *16 client timed out (10060: A connection attempt failed because the connected party did not properly respond after a period of time, or established connection failed because connected host has failed to respond) while waiting for request, client: 192.168.1.1, server: 0.0.0.0:443
2024/09/23 08:39:41 [warn] 17040#11148: *20 upstream server temporarily disabled while reading response header from upstream, client: 192.168.1.1, server: localhost, request: "GET /wss HTTP/1.1", upstream: "https://127.0.0.1:8080/s", host: "norbinet.asuscomm.com"
2024/09/23 08:39:41 [warn] 17040#11148: *20 upstream server temporarily disabled while reading response header from upstream, client: 192.168.1.1, server: localhost, request: "GET /wss HTTP/1.1", upstream: "https://127.0.0.1:8080/s", host: "norbinet.asuscomm.com"
2024/09/23 08:39:41 [error] 17040#11148: *20 upstream timed out (10060: A connection attempt failed because the connected party did not properly respond after a period of time, or established connection failed because connected host has failed to respond) while reading response header from upstream, client: 192.168.1.1, server: localhost, request: "GET /wss HTTP/1.1", upstream: "https://127.0.0.1:8080/s", host: "norbinet.asuscomm.com"
2024/09/23 08:39:41 [error] 17040#11148: *20 upstream timed out (10060: A connection attempt failed because the connected party did not properly respond after a period of time, or established connection failed because connected host has failed to respond) while reading response header from upstream, client: 192.168.1.1, server: localhost, request: "GET /wss HTTP/1.1", upstream: "https://127.0.0.1:8080/s", host: "norbinet.asuscomm.com"
2024/09/23 08:39:41 [error] 17040#11148: *20 upstream timed out (10060: A connection attempt failed because the connected party did not properly respond after a period of time, or established connection failed because connected host has failed to respond) while reading response header from upstream, client: 192.168.1.1, server: localhost, request: "GET /wss HTTP/1.1", upstream: "https://127.0.0.1:8080/s", host: "norbinet.asuscomm.com"
2024/09/23 08:39:43 [error] 17040#11148: *20 connect() failed (10061: No connection could be made because the target machine actively refused it) while connecting to upstream, client: 192.168.1.1, server: localhost, request: "GET /wss HTTP/1.1", upstream: "https://[::1]:8080/s", host: "norbinet.asuscomm.com"
2024/09/23 08:39:43 [error] 17040#11148: *20 connect() failed (10061: No connection could be made because the target machine actively refused it) while connecting to upstream, client: 192.168.1.1, server: localhost, request: "GET /wss HTTP/1.1", upstream: "https://[::1]:8080/s", host: "norbinet.asuscomm.com"
2024/09/23 08:39:43 [error] 17040#11148: *20 connect() failed (10061: No connection could be made because the target machine actively refused it) while connecting to upstream, client: 192.168.1.1, server: localhost, request: "GET /wss HTTP/1.1", upstream: "https://[::1]:8080/s", host: "norbinet.asuscomm.com"
2024/09/23 08:39:43 [warn] 17040#11148: *20 upstream server temporarily disabled while connecting to upstream, client: 192.168.1.1, server: localhost, request: "GET /wss HTTP/1.1", upstream: "https://[::1]:8080/s", host: "norbinet.asuscomm.com"
2024/09/23 08:39:43 [warn] 17040#11148: *20 upstream server temporarily disabled while connecting to upstream, client: 192.168.1.1, server: localhost, request: "GET /wss HTTP/1.1", upstream: "https://[::1]:8080/s", host: "norbinet.asuscomm.com"
2024/09/23 08:39:43 [info] 17040#11148: *20 client 192.168.1.1 closed keepalive connection
2024/09/23 08:44:39 [info] 17040#11148: *23 SSL_do_handshake() failed (SSL: error:0A000416:SSL routines::sslv3 alert certificate unknown:SSL alert number 46) while SSL handshaking, client: 192.168.1.1, server: 0.0.0.0:443
2024/09/23 08:44:39 [info] 17040#11148: *24 SSL_do_handshake() failed (SSL: error:0A000416:SSL routines::sslv3 alert certificate unknown:SSL alert number 46) while SSL handshaking, client: 192.168.1.1, server: 0.0.0.0:443
2024/09/23 08:44:40 [info] 17040#11148: *26 SSL_do_handshake() failed (SSL: error:0A000416:SSL routines::sslv3 alert certificate unknown:SSL alert number 46) while SSL handshaking, client: 192.168.1.1, server: 0.0.0.0:443
2024/09/23 08:44:40 [info] 17040#11148: *27 SSL_do_handshake() failed (SSL: error:0A000416:SSL routines::sslv3 alert certificate unknown:SSL alert number 46) while SSL handshaking, client: 192.168.1.1, server: 0.0.0.0:443
2024/09/23 08:44:40 [info] 17040#11148: *30 SSL_do_handshake() failed (SSL: error:0A000416:SSL routines::sslv3 alert certificate unknown:SSL alert number 46) while SSL handshaking, client: 192.168.1.1, server: 0.0.0.0:443
2024/09/23 08:44:40 [info] 17040#11148: *31 SSL_do_handshake() failed (SSL: error:0A000416:SSL routines::sslv3 alert certificate unknown:SSL alert number 46) while SSL handshaking, client: 192.168.1.1, server: 0.0.0.0:443
2024/09/23 08:44:51 [info] 17040#11148: *34 SSL_do_handshake() failed (SSL: error:0A000416:SSL routines::sslv3 alert certificate unknown:SSL alert number 46) while SSL handshaking, client: 192.168.1.1, server: 0.0.0.0:443
2024/09/23 08:44:53 [error] 17040#11148: *35 connect() failed (10061: No connection could be made because the target machine actively refused it) while connecting to upstream, client: 192.168.1.1, server: localhost, request: "GET /wss HTTP/1.1", upstream: "https://[::1]:8080/s", host: "norbinet.asuscomm.com"
2024/09/23 08:44:53 [error] 17040#11148: *35 connect() failed (10061: No connection could be made because the target machine actively refused it) while connecting to upstream, client: 192.168.1.1, server: localhost, request: "GET /wss HTTP/1.1", upstream: "https://[::1]:8080/s", host: "norbinet.asuscomm.com"
2024/09/23 08:44:53 [error] 17040#11148: *35 connect() failed (10061: No connection could be made because the target machine actively refused it) while connecting to upstream, client: 192.168.1.1, server: localhost, request: "GET /wss HTTP/1.1", upstream: "https://[::1]:8080/s", host: "norbinet.asuscomm.com"
2024/09/23 08:44:53 [warn] 17040#11148: *35 upstream server temporarily disabled while connecting to upstream, client: 192.168.1.1, server: localhost, request: "GET /wss HTTP/1.1", upstream: "https://[::1]:8080/s", host: "norbinet.asuscomm.com"
2024/09/23 08:44:53 [warn] 17040#11148: *35 upstream server temporarily disabled while connecting to upstream, client: 192.168.1.1, server: localhost, request: "GET /wss HTTP/1.1", upstream: "https://[::1]:8080/s", host: "norbinet.asuscomm.com"
2024/09/23 08:44:53 [error] 17040#11148: *35 upstream prematurely closed connection while reading response header from upstream, client: 192.168.1.1, server: localhost, request: "GET /wss HTTP/1.1", upstream: "https://127.0.0.1:8080/s", host: "norbinet.asuscomm.com"
2024/09/23 08:44:53 [error] 17040#11148: *35 upstream prematurely closed connection while reading response header from upstream, client: 192.168.1.1, server: localhost, request: "GET /wss HTTP/1.1", upstream: "https://127.0.0.1:8080/s", host: "norbinet.asuscomm.com"
2024/09/23 08:44:53 [error] 17040#11148: *35 upstream prematurely closed connection while reading response header from upstream, client: 192.168.1.1, server: localhost, request: "GET /wss HTTP/1.1", upstream: "https://127.0.0.1:8080/s", host: "norbinet.asuscomm.com"
2024/09/23 08:44:53 [warn] 17040#11148: *35 upstream server temporarily disabled while reading response header from upstream, client: 192.168.1.1, server: localhost, request: "GET /wss HTTP/1.1", upstream: "https://127.0.0.1:8080/s", host: "norbinet.asuscomm.com"
2024/09/23 08:44:53 [warn] 17040#11148: *35 upstream server temporarily disabled while reading response header from upstream, client: 192.168.1.1, server: localhost, request: "GET /wss HTTP/1.1", upstream: "https://127.0.0.1:8080/s", host: "norbinet.asuscomm.com"
2024/09/23 08:44:53 [info] 17040#11148: *35 client 192.168.1.1 closed keepalive connection
2024/09/23 08:46:03 [info] 17040#11148: *38 SSL_do_handshake() failed (SSL: error:0A000416:SSL routines::sslv3 alert certificate unknown:SSL alert number 46) while SSL handshaking, client: 192.168.1.1, server: 0.0.0.0:443
2024/09/23 08:46:03 [info] 17040#11148: *40 SSL_do_handshake() failed (SSL: error:0A000416:SSL routines::sslv3 alert certificate unknown:SSL alert number 46) while SSL handshaking, client: 192.168.1.1, server: 0.0.0.0:443
2024/09/23 08:46:04 [info] 17040#11148: *42 SSL_do_handshake() failed (SSL: error:0A000416:SSL routines::sslv3 alert certificate unknown:SSL alert number 46) while SSL handshaking, client: 192.168.1.1, server: 0.0.0.0:443
2024/09/23 08:46:10 [error] 17040#11148: *43 upstream prematurely closed connection while reading response header from upstream, client: 192.168.1.1, server: localhost, request: "GET /wss HTTP/1.1", upstream: "https://127.0.0.1:8080/s", host: "norbinet.asuscomm.com"
2024/09/23 08:46:10 [error] 17040#11148: *43 upstream prematurely closed connection while reading response header from upstream, client: 192.168.1.1, server: localhost, request: "GET /wss HTTP/1.1", upstream: "https://127.0.0.1:8080/s", host: "norbinet.asuscomm.com"
2024/09/23 08:46:10 [error] 17040#11148: *43 upstream prematurely closed connection while reading response header from upstream, client: 192.168.1.1, server: localhost, request: "GET /wss HTTP/1.1", upstream: "https://127.0.0.1:8080/s", host: "norbinet.asuscomm.com"
2024/09/23 08:46:10 [warn] 17040#11148: *43 upstream server temporarily disabled while reading response header from upstream, client: 192.168.1.1, server: localhost, request: "GET /wss HTTP/1.1", upstream: "https://127.0.0.1:8080/s", host: "norbinet.asuscomm.com"
2024/09/23 08:46:10 [warn] 17040#11148: *43 upstream server temporarily disabled while reading response header from upstream, client: 192.168.1.1, server: localhost, request: "GET /wss HTTP/1.1", upstream: "https://127.0.0.1:8080/s", host: "norbinet.asuscomm.com"
2024/09/23 08:46:12 [error] 17040#11148: *43 connect() failed (10061: No connection could be made because the target machine actively refused it) while connecting to upstream, client: 192.168.1.1, server: localhost, request: "GET /wss HTTP/1.1", upstream: "https://[::1]:8080/s", host: "norbinet.asuscomm.com"
2024/09/23 08:46:12 [error] 17040#11148: *43 connect() failed (10061: No connection could be made because the target machine actively refused it) while connecting to upstream, client: 192.168.1.1, server: localhost, request: "GET /wss HTTP/1.1", upstream: "https://[::1]:8080/s", host: "norbinet.asuscomm.com"
2024/09/23 08:46:12 [error] 17040#11148: *43 connect() failed (10061: No connection could be made because the target machine actively refused it) while connecting to upstream, client: 192.168.1.1, server: localhost, request: "GET /wss HTTP/1.1", upstream: "https://[::1]:8080/s", host: "norbinet.asuscomm.com"
2024/09/23 08:46:12 [warn] 17040#11148: *43 upstream server temporarily disabled while connecting to upstream, client: 192.168.1.1, server: localhost, request: "GET /wss HTTP/1.1", upstream: "https://[::1]:8080/s", host: "norbinet.asuscomm.com"
2024/09/23 08:46:12 [warn] 17040#11148: *43 upstream server temporarily disabled while connecting to upstream, client: 192.168.1.1, server: localhost, request: "GET /wss HTTP/1.1", upstream: "https://[::1]:8080/s", host: "norbinet.asuscomm.com"
2024/09/23 08:46:12 [info] 17040#11148: *43 client 192.168.1.1 closed keepalive connection
2024/09/23 08:50:40 [notice] 20896#8800: signal process started
2024/09/23 08:50:40 [notice] 31868#4800: exiting
2024/09/23 08:50:40 [notice] 31868#4800: exiting
2024/09/23 08:50:40 [notice] 20488#29600: gracefully shutting down
2024/09/23 08:50:40 [notice] 20488#29600: gracefully shutting down
2024/09/23 08:50:40 [notice] 20488#24048: exiting
2024/09/23 08:50:40 [notice] 20488#24048: exiting
2024/09/23 08:50:40 [notice] 20488#11452: exiting
2024/09/23 08:50:40 [notice] 20488#11452: exiting
2024/09/23 08:50:40 [notice] 20488#29600: exit
2024/09/23 08:50:40 [notice] 20488#29600: exit
2024/09/23 08:50:40 [notice] 31868#4800: worker process 20488 exited with code 0
2024/09/23 08:50:40 [notice] 31868#4800: worker process 20488 exited with code 0
2024/09/23 08:50:40 [notice] 31868#4800: exit
2024/09/23 08:50:40 [notice] 31868#4800: exit
2024/09/23 08:50:41 [notice] 34452#2164: using the "select" event method
2024/09/23 08:50:41 [notice] 34452#2164: using the "select" event method
2024/09/23 08:50:41 [notice] 34452#2164: nginx/1.26.2
2024/09/23 08:50:41 [notice] 34452#2164: nginx/1.26.2
2024/09/23 08:50:41 [info] 34452#2164: OS: 260200 build:9200, "", suite:100, type:1
2024/09/23 08:50:41 [notice] 34452#2164: start worker processes
2024/09/23 08:50:41 [notice] 34452#2164: start worker processes
2024/09/23 08:50:41 [notice] 34452#2164: start worker process 11772
2024/09/23 08:50:41 [notice] 34452#2164: start worker process 11772
2024/09/23 08:50:41 [notice] 11772#37352: nginx/1.26.2
2024/09/23 08:50:41 [notice] 11772#37352: nginx/1.26.2
2024/09/23 08:50:41 [info] 11772#37352: OS: 260200 build:9200, "", suite:100, type:1
2024/09/23 08:50:41 [notice] 11772#37352: create thread 27724
2024/09/23 08:50:41 [notice] 11772#37352: create thread 27724
2024/09/23 08:50:41 [notice] 11772#37352: create thread 28336
2024/09/23 08:50:41 [notice] 11772#37352: create thread 28336
2024/09/23 08:50:41 [notice] 11772#37352: create thread 9168
2024/09/23 08:50:41 [notice] 11772#37352: create thread 9168
2024/09/23 08:50:49 [info] 17040#11148: *46 SSL_do_handshake() failed (SSL: error:0A000416:SSL routines::sslv3 alert certificate unknown:SSL alert number 46) while SSL handshaking, client: 192.168.1.1, server: 0.0.0.0:443
2024/09/23 08:50:49 [info] 17040#11148: *47 SSL_do_handshake() failed (SSL: error:0A000416:SSL routines::sslv3 alert certificate unknown:SSL alert number 46) while SSL handshaking, client: 192.168.1.1, server: 0.0.0.0:443
2024/09/23 08:50:49 [info] 17040#11148: *49 SSL_do_handshake() failed (SSL: error:0A000416:SSL routines::sslv3 alert certificate unknown:SSL alert number 46) while SSL handshaking, client: 192.168.1.1, server: 0.0.0.0:443
2024/09/23 08:50:49 [info] 17040#11148: *50 SSL_do_handshake() failed (SSL: error:0A000416:SSL routines::sslv3 alert certificate unknown:SSL alert number 46) while SSL handshaking, client: 192.168.1.1, server: 0.0.0.0:443
2024/09/23 08:50:49 [info] 17040#11148: *53 SSL_do_handshake() failed (SSL: error:0A000416:SSL routines::sslv3 alert certificate unknown:SSL alert number 46) while SSL handshaking, client: 192.168.1.1, server: 0.0.0.0:443
2024/09/23 08:50:49 [info] 17040#11148: *54 SSL_do_handshake() failed (SSL: error:0A000416:SSL routines::sslv3 alert certificate unknown:SSL alert number 46) while SSL handshaking, client: 192.168.1.1, server: 0.0.0.0:443
2024/09/23 08:50:59 [info] 17040#11148: *57 SSL_do_handshake() failed (SSL: error:0A000416:SSL routines::sslv3 alert certificate unknown:SSL alert number 46) while SSL handshaking, client: 192.168.1.1, server: 0.0.0.0:443
2024/09/23 08:50:59 [error] 17040#11148: *58 upstream prematurely closed connection while reading response header from upstream, client: 192.168.1.1, server: localhost, request: "GET /wss HTTP/1.1", upstream: "https://127.0.0.1:8080/s", host: "norbinet.asuscomm.com"
2024/09/23 08:50:59 [error] 17040#11148: *58 upstream prematurely closed connection while reading response header from upstream, client: 192.168.1.1, server: localhost, request: "GET /wss HTTP/1.1", upstream: "https://127.0.0.1:8080/s", host: "norbinet.asuscomm.com"
2024/09/23 08:50:59 [error] 17040#11148: *58 upstream prematurely closed connection while reading response header from upstream, client: 192.168.1.1, server: localhost, request: "GET /wss HTTP/1.1", upstream: "https://127.0.0.1:8080/s", host: "norbinet.asuscomm.com"
2024/09/23 08:50:59 [warn] 17040#11148: *58 upstream server temporarily disabled while reading response header from upstream, client: 192.168.1.1, server: localhost, request: "GET /wss HTTP/1.1", upstream: "https://127.0.0.1:8080/s", host: "norbinet.asuscomm.com"
2024/09/23 08:50:59 [warn] 17040#11148: *58 upstream server temporarily disabled while reading response header from upstream, client: 192.168.1.1, server: localhost, request: "GET /wss HTTP/1.1", upstream: "https://127.0.0.1:8080/s", host: "norbinet.asuscomm.com"
2024/09/23 08:51:01 [error] 17040#11148: *58 connect() failed (10061: No connection could be made because the target machine actively refused it) while connecting to upstream, client: 192.168.1.1, server: localhost, request: "GET /wss HTTP/1.1", upstream: "https://[::1]:8080/s", host: "norbinet.asuscomm.com"
2024/09/23 08:51:01 [error] 17040#11148: *58 connect() failed (10061: No connection could be made because the target machine actively refused it) while connecting to upstream, client: 192.168.1.1, server: localhost, request: "GET /wss HTTP/1.1", upstream: "https://[::1]:8080/s", host: "norbinet.asuscomm.com"
2024/09/23 08:51:01 [error] 17040#11148: *58 connect() failed (10061: No connection could be made because the target machine actively refused it) while connecting to upstream, client: 192.168.1.1, server: localhost, request: "GET /wss HTTP/1.1", upstream: "https://[::1]:8080/s", host: "norbinet.asuscomm.com"
2024/09/23 08:51:01 [warn] 17040#11148: *58 upstream server temporarily disabled while connecting to upstream, client: 192.168.1.1, server: localhost, request: "GET /wss HTTP/1.1", upstream: "https://[::1]:8080/s", host: "norbinet.asuscomm.com"
2024/09/23 08:51:01 [warn] 17040#11148: *58 upstream server temporarily disabled while connecting to upstream, client: 192.168.1.1, server: localhost, request: "GET /wss HTTP/1.1", upstream: "https://[::1]:8080/s", host: "norbinet.asuscomm.com"
2024/09/23 08:51:02 [info] 17040#11148: *58 client 192.168.1.1 closed keepalive connection
2024/09/23 08:52:04 [notice] 5704#7632: signal process started
2024/09/23 08:52:04 [notice] 34452#2164: exiting
2024/09/23 08:52:04 [notice] 34452#2164: exiting
2024/09/23 08:52:04 [notice] 11772#37352: gracefully shutting down
2024/09/23 08:52:04 [notice] 11772#37352: gracefully shutting down
2024/09/23 08:52:04 [notice] 11772#28336: exiting
2024/09/23 08:52:04 [notice] 11772#28336: exiting
2024/09/23 08:52:04 [notice] 11772#27724: exiting
2024/09/23 08:52:04 [notice] 11772#27724: exiting
2024/09/23 08:52:04 [notice] 11772#37352: exit
2024/09/23 08:52:04 [notice] 11772#37352: exit
2024/09/23 08:52:04 [notice] 34452#2164: worker process 11772 exited with code 0
2024/09/23 08:52:04 [notice] 34452#2164: worker process 11772 exited with code 0
2024/09/23 08:52:04 [notice] 34452#2164: exit
2024/09/23 08:52:04 [notice] 34452#2164: exit
2024/09/23 08:52:06 [info] 17040#11148: *61 SSL_do_handshake() failed (SSL: error:0A000416:SSL routines::sslv3 alert certificate unknown:SSL alert number 46) while SSL handshaking, client: 192.168.1.1, server: 0.0.0.0:443
2024/09/23 08:52:12 [notice] 27840#27900: signal process started
2024/09/23 08:52:12 [error] 27840#27900: CreateFile() "G:\Documents\Projects\HTTPServer\web/logs/nginx.pid" failed (2: The system cannot find the file specified)
2024/09/23 08:52:36 [info] 17040#11148: *62 client prematurely closed connection while sending response to client, client: 192.168.1.1, server: localhost, request: "GET /untitled.png HTTP/1.1", host: "norbinet.asuscomm.com", referrer: "https://norbinet.asuscomm.com/"
2024/09/23 08:52:36 [info] 17040#11148: *63 SSL_do_handshake() failed (SSL: error:0A000416:SSL routines::sslv3 alert certificate unknown:SSL alert number 46) while SSL handshaking, client: 192.168.1.1, server: 0.0.0.0:443
2024/09/23 08:52:36 [info] 17040#11148: *64 SSL_do_handshake() failed (SSL: error:0A000416:SSL routines::sslv3 alert certificate unknown:SSL alert number 46) while SSL handshaking, client: 192.168.1.1, server: 0.0.0.0:443
2024/09/23 08:52:36 [info] 17040#11148: *65 SSL_do_handshake() failed (SSL: error:0A000416:SSL routines::sslv3 alert certificate unknown:SSL alert number 46) while SSL handshaking, client: 192.168.1.1, server: 0.0.0.0:443
2024/09/23 08:52:36 [info] 17040#11148: *67 SSL_do_handshake() failed (SSL: error:0A000416:SSL routines::sslv3 alert certificate unknown:SSL alert number 46) while SSL handshaking, client: 192.168.1.1, server: 0.0.0.0:443
2024/09/23 08:52:36 [info] 17040#11148: *68 SSL_do_handshake() failed (SSL: error:0A000416:SSL routines::sslv3 alert certificate unknown:SSL alert number 46) while SSL handshaking, client: 192.168.1.1, server: 0.0.0.0:443
2024/09/23 08:52:36 [info] 17040#11148: *71 SSL_do_handshake() failed (SSL: error:0A000416:SSL routines::sslv3 alert certificate unknown:SSL alert number 46) while SSL handshaking, client: 192.168.1.1, server: 0.0.0.0:443
2024/09/23 08:52:36 [info] 17040#11148: *72 SSL_do_handshake() failed (SSL: error:0A000416:SSL routines::sslv3 alert certificate unknown:SSL alert number 46) while SSL handshaking, client: 192.168.1.1, server: 0.0.0.0:443
2024/09/23 08:53:14 [notice] 14632#3796: signal process started
2024/09/23 08:53:14 [error] 14632#3796: invalid PID number "" in "G:\Documents\Projects\HTTPServer\web/logs/nginx.pid"
2024/09/23 08:53:22 [notice] 4552#29656: using the "select" event method
2024/09/23 08:53:22 [notice] 4552#29656: using the "select" event method
2024/09/23 08:53:22 [notice] 4552#29656: nginx/1.26.2
2024/09/23 08:53:22 [notice] 4552#29656: nginx/1.26.2
2024/09/23 08:53:22 [info] 4552#29656: OS: 260200 build:9200, "", suite:100, type:1
2024/09/23 08:53:22 [notice] 4552#29656: start worker processes
2024/09/23 08:53:22 [notice] 4552#29656: start worker processes
2024/09/23 08:53:22 [notice] 4552#29656: start worker process 38128
2024/09/23 08:53:22 [notice] 4552#29656: start worker process 38128
2024/09/23 08:53:22 [notice] 38128#34924: nginx/1.26.2
2024/09/23 08:53:22 [notice] 38128#34924: nginx/1.26.2
2024/09/23 08:53:22 [info] 38128#34924: OS: 260200 build:9200, "", suite:100, type:1
2024/09/23 08:53:22 [notice] 38128#34924: create thread 40656
2024/09/23 08:53:22 [notice] 38128#34924: create thread 40656
2024/09/23 08:53:22 [notice] 38128#34924: create thread 7760
2024/09/23 08:53:22 [notice] 38128#34924: create thread 7760
2024/09/23 08:53:22 [notice] 38128#34924: create thread 29052
2024/09/23 08:53:22 [notice] 38128#34924: create thread 29052
2024/09/23 08:53:23 [notice] 38216#38304: signal process started
2024/09/23 08:53:23 [notice] 4552#29656: reconfiguring
2024/09/23 08:53:23 [notice] 4552#29656: reconfiguring
2024/09/23 08:53:23 [notice] 4552#29656: using the "select" event method
2024/09/23 08:53:23 [notice] 4552#29656: using the "select" event method
2024/09/23 08:53:23 [notice] 4552#29656: start worker processes
2024/09/23 08:53:23 [notice] 4552#29656: start worker processes
2024/09/23 08:53:23 [notice] 4552#29656: start worker process 35312
2024/09/23 08:53:23 [notice] 4552#29656: start worker process 35312
2024/09/23 08:53:23 [notice] 35312#25872: nginx/1.26.2
2024/09/23 08:53:23 [notice] 35312#25872: nginx/1.26.2
2024/09/23 08:53:23 [info] 35312#25872: OS: 260200 build:9200, "", suite:100, type:1
2024/09/23 08:53:23 [notice] 38128#34924: gracefully shutting down
2024/09/23 08:53:23 [notice] 38128#34924: gracefully shutting down
2024/09/23 08:53:23 [notice] 35312#25872: create thread 17384
2024/09/23 08:53:23 [notice] 35312#25872: create thread 17384
2024/09/23 08:53:23 [notice] 38128#7760: exiting
2024/09/23 08:53:23 [notice] 38128#7760: exiting
2024/09/23 08:53:23 [notice] 35312#25872: create thread 13572
2024/09/23 08:53:23 [notice] 35312#25872: create thread 13572
2024/09/23 08:53:23 [notice] 35312#25872: create thread 17008
2024/09/23 08:53:23 [notice] 35312#25872: create thread 17008
2024/09/23 08:53:24 [notice] 38128#40656: exiting
2024/09/23 08:53:24 [notice] 38128#40656: exiting
2024/09/23 08:53:24 [notice] 38128#34924: exit
2024/09/23 08:53:24 [notice] 38128#34924: exit
2024/09/23 08:53:24 [notice] 4552#29656: worker process 38128 exited with code 0
2024/09/23 08:53:24 [notice] 4552#29656: worker process 38128 exited with code 0
2024/09/23 08:53:34 [error] 17040#11148: *69 connect() failed (10061: No connection could be made because the target machine actively refused it) while connecting to upstream, client: 192.168.1.1, server: localhost, request: "POST /api/login HTTP/1.1", upstream: "https://[::1]:8080/login", host: "norbinet.asuscomm.com", referrer: "https://norbinet.asuscomm.com/"
2024/09/23 08:53:34 [error] 17040#11148: *69 connect() failed (10061: No connection could be made because the target machine actively refused it) while connecting to upstream, client: 192.168.1.1, server: localhost, request: "POST /api/login HTTP/1.1", upstream: "https://[::1]:8080/login", host: "norbinet.asuscomm.com", referrer: "https://norbinet.asuscomm.com/"
2024/09/23 08:53:34 [error] 17040#11148: *69 connect() failed (10061: No connection could be made because the target machine actively refused it) while connecting to upstream, client: 192.168.1.1, server: localhost, request: "POST /api/login HTTP/1.1", upstream: "https://[::1]:8080/login", host: "norbinet.asuscomm.com", referrer: "https://norbinet.asuscomm.com/"
2024/09/23 08:53:34 [warn] 17040#11148: *69 upstream server temporarily disabled while connecting to upstream, client: 192.168.1.1, server: localhost, request: "POST /api/login HTTP/1.1", upstream: "https://[::1]:8080/login", host: "norbinet.asuscomm.com", referrer: "https://norbinet.asuscomm.com/"
2024/09/23 08:53:34 [warn] 17040#11148: *69 upstream server temporarily disabled while connecting to upstream, client: 192.168.1.1, server: localhost, request: "POST /api/login HTTP/1.1", upstream: "https://[::1]:8080/login", host: "norbinet.asuscomm.com", referrer: "https://norbinet.asuscomm.com/"
2024/09/23 08:53:40 [info] 17040#11148: *75 SSL_do_handshake() failed (SSL: error:0A000416:SSL routines::sslv3 alert certificate unknown:SSL alert number 46) while SSL handshaking, client: 192.168.1.1, server: 0.0.0.0:443
2024/09/23 08:53:40 [error] 17040#11148: *76 upstream prematurely closed connection while reading response header from upstream, client: 192.168.1.1, server: localhost, request: "GET /wss HTTP/1.1", upstream: "https://127.0.0.1:8080/s", host: "norbinet.asuscomm.com"
2024/09/23 08:53:40 [error] 17040#11148: *76 upstream prematurely closed connection while reading response header from upstream, client: 192.168.1.1, server: localhost, request: "GET /wss HTTP/1.1", upstream: "https://127.0.0.1:8080/s", host: "norbinet.asuscomm.com"
2024/09/23 08:53:40 [error] 17040#11148: *76 upstream prematurely closed connection while reading response header from upstream, client: 192.168.1.1, server: localhost, request: "GET /wss HTTP/1.1", upstream: "https://127.0.0.1:8080/s", host: "norbinet.asuscomm.com"
2024/09/23 08:53:40 [warn] 17040#11148: *76 upstream server temporarily disabled while reading response header from upstream, client: 192.168.1.1, server: localhost, request: "GET /wss HTTP/1.1", upstream: "https://127.0.0.1:8080/s", host: "norbinet.asuscomm.com"
2024/09/23 08:53:40 [warn] 17040#11148: *76 upstream server temporarily disabled while reading response header from upstream, client: 192.168.1.1, server: localhost, request: "GET /wss HTTP/1.1", upstream: "https://127.0.0.1:8080/s", host: "norbinet.asuscomm.com"
2024/09/23 08:53:40 [error] 17040#11148: *76 no live upstreams while connecting to upstream, client: 192.168.1.1, server: localhost, request: "GET /wss HTTP/1.1", upstream: "https://localhost/s", host: "norbinet.asuscomm.com"
2024/09/23 08:53:40 [error] 17040#11148: *76 no live upstreams while connecting to upstream, client: 192.168.1.1, server: localhost, request: "GET /wss HTTP/1.1", upstream: "https://localhost/s", host: "norbinet.asuscomm.com"
2024/09/23 08:53:40 [error] 17040#11148: *76 no live upstreams while connecting to upstream, client: 192.168.1.1, server: localhost, request: "GET /wss HTTP/1.1", upstream: "https://localhost/s", host: "norbinet.asuscomm.com"
2024/09/23 08:53:40 [info] 17040#11148: *76 client 192.168.1.1 closed keepalive connection
2024/09/23 08:55:30 [notice] 9760#31764: using the "select" event method
2024/09/23 08:55:30 [notice] 9760#31764: using the "select" event method
2024/09/23 08:55:30 [notice] 9760#31764: nginx/1.26.2
2024/09/23 08:55:30 [notice] 9760#31764: nginx/1.26.2
2024/09/23 08:55:30 [info] 9760#31764: OS: 260200 build:9200, "", suite:100, type:1
2024/09/23 08:55:30 [notice] 9760#31764: start worker processes
2024/09/23 08:55:30 [notice] 9760#31764: start worker processes
2024/09/23 08:55:30 [notice] 9760#31764: start worker process 2328
2024/09/23 08:55:30 [notice] 9760#31764: start worker process 2328
2024/09/23 08:55:30 [notice] 2328#34124: nginx/1.26.2
2024/09/23 08:55:30 [notice] 2328#34124: nginx/1.26.2
2024/09/23 08:55:30 [info] 2328#34124: OS: 260200 build:9200, "", suite:100, type:1
2024/09/23 08:55:30 [notice] 2328#34124: create thread 31212
2024/09/23 08:55:30 [notice] 2328#34124: create thread 31212
2024/09/23 08:55:30 [notice] 2328#34124: create thread 11384
2024/09/23 08:55:30 [notice] 2328#34124: create thread 11384
2024/09/23 08:55:30 [notice] 2328#34124: create thread 6576
2024/09/23 08:55:30 [notice] 2328#34124: create thread 6576
2024/09/23 08:55:31 [info] 2328#31212: *1 SSL_do_handshake() failed (SSL: error:0A000416:SSL routines::sslv3 alert certificate unknown:SSL alert number 46) while SSL handshaking, client: 192.168.1.1, server: 0.0.0.0:443
2024/09/23 08:55:31 [info] 2328#31212: *2 SSL_do_handshake() failed (SSL: error:0A000416:SSL routines::sslv3 alert certificate unknown:SSL alert number 46) while SSL handshaking, client: 192.168.1.1, server: 0.0.0.0:443
2024/09/23 08:55:32 [info] 2328#31212: *4 SSL_do_handshake() failed (SSL: error:0A000416:SSL routines::sslv3 alert certificate unknown:SSL alert number 46) while SSL handshaking, client: 192.168.1.1, server: 0.0.0.0:443
2024/09/23 08:55:32 [info] 2328#31212: *5 SSL_do_handshake() failed (SSL: error:0A000416:SSL routines::sslv3 alert certificate unknown:SSL alert number 46) while SSL handshaking, client: 192.168.1.1, server: 0.0.0.0:443
2024/09/23 08:55:36 [info] 2328#31212: *9 SSL_do_handshake() failed (SSL: error:0A000416:SSL routines::sslv3 alert certificate unknown:SSL alert number 46) while SSL handshaking, client: 192.168.1.1, server: 0.0.0.0:443
2024/09/23 08:55:37 [info] 2328#31212: *10 SSL_do_handshake() failed (SSL: error:0A000416:SSL routines::sslv3 alert certificate unknown:SSL alert number 46) while SSL handshaking, client: 192.168.1.1, server: 0.0.0.0:443
2024/09/23 08:55:38 [error] 2328#31212: *6 connect() failed (10061: No connection could be made because the target machine actively refused it) while connecting to upstream, client: 192.168.1.1, server: localhost, request: "POST /api/login HTTP/1.1", upstream: "https://[::1]:8080/login", host: "norbinet.asuscomm.com", referrer: "https://norbinet.asuscomm.com/"
2024/09/23 08:55:38 [error] 2328#31212: *6 connect() failed (10061: No connection could be made because the target machine actively refused it) while connecting to upstream, client: 192.168.1.1, server: localhost, request: "POST /api/login HTTP/1.1", upstream: "https://[::1]:8080/login", host: "norbinet.asuscomm.com", referrer: "https://norbinet.asuscomm.com/"
2024/09/23 08:55:38 [error] 2328#31212: *6 connect() failed (10061: No connection could be made because the target machine actively refused it) while connecting to upstream, client: 192.168.1.1, server: localhost, request: "POST /api/login HTTP/1.1", upstream: "https://[::1]:8080/login", host: "norbinet.asuscomm.com", referrer: "https://norbinet.asuscomm.com/"
2024/09/23 08:55:38 [warn] 2328#31212: *6 upstream server temporarily disabled while connecting to upstream, client: 192.168.1.1, server: localhost, request: "POST /api/login HTTP/1.1", upstream: "https://[::1]:8080/login", host: "norbinet.asuscomm.com", referrer: "https://norbinet.asuscomm.com/"
2024/09/23 08:55:38 [warn] 2328#31212: *6 upstream server temporarily disabled while connecting to upstream, client: 192.168.1.1, server: localhost, request: "POST /api/login HTTP/1.1", upstream: "https://[::1]:8080/login", host: "norbinet.asuscomm.com", referrer: "https://norbinet.asuscomm.com/"
2024/09/23 08:55:44 [info] 2328#31212: *12 SSL_do_handshake() failed (SSL: error:0A000416:SSL routines::sslv3 alert certificate unknown:SSL alert number 46) while SSL handshaking, client: 192.168.1.1, server: 0.0.0.0:443
2024/09/23 08:55:44 [info] 2328#31212: *13 client 192.168.1.1 closed keepalive connection
2024/09/23 08:56:17 [info] 2328#31212: *14 SSL_do_handshake() failed (SSL: error:0A000416:SSL routines::sslv3 alert certificate unknown:SSL alert number 46) while SSL handshaking, client: 192.168.1.1, server: 0.0.0.0:443
2024/09/23 08:56:17 [info] 2328#31212: *15 client 192.168.1.1 closed keepalive connection
2024/09/23 08:56:19 [info] 2328#31212: *16 SSL_do_handshake() failed (SSL: error:0A000416:SSL routines::sslv3 alert certificate unknown:SSL alert number 46) while SSL handshaking, client: 192.168.1.1, server: 0.0.0.0:443
2024/09/23 08:56:47 [info] 2328#31212: *18 SSL_do_handshake() failed (SSL: error:0A000416:SSL routines::sslv3 alert certificate unknown:SSL alert number 46) while SSL handshaking, client: 192.168.1.1, server: 0.0.0.0:443
2024/09/23 08:56:47 [info] 2328#31212: *19 client 192.168.1.1 closed keepalive connection
2024/09/23 08:58:18 [emerg] 36664#21520: unknown "https_cookie" variable
2024/09/23 08:58:25 [notice] 15600#13812: signal process started
2024/09/23 08:58:25 [notice] 9760#31764: reconfiguring
2024/09/23 08:58:25 [notice] 9760#31764: reconfiguring
2024/09/23 08:58:25 [notice] 9760#31764: using the "select" event method
2024/09/23 08:58:25 [notice] 9760#31764: using the "select" event method
2024/09/23 08:58:25 [notice] 9760#31764: start worker processes
2024/09/23 08:58:25 [notice] 9760#31764: start worker processes
2024/09/23 08:58:25 [notice] 9760#31764: start worker process 29924
2024/09/23 08:58:25 [notice] 9760#31764: start worker process 29924
2024/09/23 08:58:25 [notice] 29924#17696: nginx/1.26.2
2024/09/23 08:58:25 [notice] 29924#17696: nginx/1.26.2
2024/09/23 08:58:25 [info] 29924#17696: OS: 260200 build:9200, "", suite:100, type:1
2024/09/23 08:58:25 [notice] 2328#34124: gracefully shutting down
2024/09/23 08:58:25 [notice] 2328#34124: gracefully shutting down
2024/09/23 08:58:25 [notice] 29924#17696: create thread 14956
2024/09/23 08:58:25 [notice] 29924#17696: create thread 14956
2024/09/23 08:58:25 [notice] 2328#11384: exiting
2024/09/23 08:58:25 [notice] 2328#11384: exiting
2024/09/23 08:58:25 [notice] 29924#17696: create thread 24692
2024/09/23 08:58:25 [notice] 29924#17696: create thread 24692
2024/09/23 08:58:25 [notice] 29924#17696: create thread 31248
2024/09/23 08:58:25 [notice] 29924#17696: create thread 31248
2024/09/23 08:58:26 [notice] 2328#31212: exiting
2024/09/23 08:58:26 [notice] 2328#31212: exiting
2024/09/23 08:58:26 [notice] 2328#34124: exit
2024/09/23 08:58:26 [notice] 2328#34124: exit
2024/09/23 08:58:26 [notice] 9760#31764: worker process 2328 exited with code 0
2024/09/23 08:58:26 [notice] 9760#31764: worker process 2328 exited with code 0
2024/09/23 08:58:27 [info] 29924#14956: *20 SSL_do_handshake() failed (SSL: error:0A000416:SSL routines::sslv3 alert certificate unknown:SSL alert number 46) while SSL handshaking, client: 192.168.1.1, server: 0.0.0.0:443
2024/09/23 08:58:32 [notice] 5716#8656: signal process started
2024/09/23 08:58:32 [notice] 9760#31764: exiting
2024/09/23 08:58:32 [notice] 9760#31764: exiting
2024/09/23 08:58:32 [notice] 29924#17696: gracefully shutting down
2024/09/23 08:58:32 [notice] 29924#17696: gracefully shutting down
2024/09/23 08:58:32 [notice] 29924#24692: exiting
2024/09/23 08:58:32 [notice] 29924#24692: exiting
2024/09/23 08:58:32 [notice] 29924#14956: exiting
2024/09/23 08:58:32 [notice] 29924#14956: exiting
2024/09/23 08:58:32 [notice] 29924#17696: exit
2024/09/23 08:58:32 [notice] 29924#17696: exit
2024/09/23 08:58:32 [notice] 9760#31764: worker process 29924 exited with code 0
2024/09/23 08:58:32 [notice] 9760#31764: worker process 29924 exited with code 0
2024/09/23 08:58:32 [notice] 9760#31764: exit
2024/09/23 08:58:32 [notice] 9760#31764: exit
2024/09/23 08:58:53 [notice] 28984#23128: signal process started
2024/09/23 08:58:53 [error] 28984#23128: CreateFile() "G:\Documents\Projects\HTTPServer\web/logs/nginx.pid" failed (2: The system cannot find the file specified)
2024/09/23 08:59:04 [notice] 20708#10736: signal process started
2024/09/23 08:59:04 [error] 20708#10736: CreateFile() "G:\Documents\Projects\HTTPServer\web/logs/nginx.pid" failed (2: The system cannot find the file specified)
2024/09/23 08:59:08 [notice] 1672#24200: signal process started
2024/09/23 08:59:08 [error] 1672#24200: CreateFile() "G:\Documents\Projects\HTTPServer\web/logs/nginx.pid" failed (2: The system cannot find the file specified)
2024/09/23 08:59:13 [notice] 20532#15876: signal process started
2024/09/23 08:59:13 [error] 20532#15876: CreateFile() "G:\Documents\Projects\HTTPServer\web/logs/nginx.pid" failed (2: The system cannot find the file specified)
2024/09/23 08:59:18 [notice] 14856#28640: using the "select" event method
2024/09/23 08:59:18 [notice] 14856#28640: using the "select" event method
2024/09/23 08:59:18 [notice] 14856#28640: nginx/1.26.2
2024/09/23 08:59:18 [notice] 14856#28640: nginx/1.26.2
2024/09/23 08:59:18 [info] 14856#28640: OS: 260200 build:9200, "", suite:100, type:1
2024/09/23 08:59:18 [notice] 14856#28640: start worker processes
2024/09/23 08:59:18 [notice] 14856#28640: start worker processes
2024/09/23 08:59:18 [notice] 14856#28640: start worker process 17596
2024/09/23 08:59:18 [notice] 14856#28640: start worker process 17596
2024/09/23 08:59:18 [notice] 17596#26332: nginx/1.26.2
2024/09/23 08:59:18 [notice] 17596#26332: nginx/1.26.2
2024/09/23 08:59:18 [info] 17596#26332: OS: 260200 build:9200, "", suite:100, type:1
2024/09/23 08:59:18 [notice] 17596#26332: create thread 1772
2024/09/23 08:59:18 [notice] 17596#26332: create thread 1772
2024/09/23 08:59:18 [notice] 17596#26332: create thread 17276
2024/09/23 08:59:18 [notice] 17596#26332: create thread 17276
2024/09/23 08:59:18 [notice] 17596#26332: create thread 33056
2024/09/23 08:59:18 [notice] 17596#26332: create thread 33056
2024/09/23 08:59:21 [info] 17596#1772: *1 SSL_do_handshake() failed (SSL: error:0A000416:SSL routines::sslv3 alert certificate unknown:SSL alert number 46) while SSL handshaking, client: 192.168.1.1, server: 0.0.0.0:443
2024/09/23 08:59:21 [info] 17596#1772: *4 SSL_do_handshake() failed (SSL: error:0A000416:SSL routines::sslv3 alert certificate unknown:SSL alert number 46) while SSL handshaking, client: 192.168.1.1, server: 0.0.0.0:443
2024/09/23 08:59:21 [info] 17596#1772: *3 SSL_do_handshake() failed (SSL: error:0A000416:SSL routines::sslv3 alert certificate unknown:SSL alert number 46) while SSL handshaking, client: 192.168.1.1, server: 0.0.0.0:443
2024/09/23 08:59:21 [info] 17596#1772: *6 SSL_do_handshake() failed (SSL: error:0A000416:SSL routines::sslv3 alert certificate unknown:SSL alert number 46) while SSL handshaking, client: 192.168.1.1, server: 0.0.0.0:443
2024/09/23 08:59:21 [info] 17596#1772: *7 SSL_do_handshake() failed (SSL: error:0A000416:SSL routines::sslv3 alert certificate unknown:SSL alert number 46) while SSL handshaking, client: 192.168.1.1, server: 0.0.0.0:443
2024/09/23 08:59:31 [info] 17596#1772: *10 SSL_do_handshake() failed (SSL: error:0A000416:SSL routines::sslv3 alert certificate unknown:SSL alert number 46) while SSL handshaking, client: 192.168.1.1, server: 0.0.0.0:443
2024/09/23 08:59:31 [info] 17596#1772: *11 client 192.168.1.1 closed keepalive connection
2024/09/23 08:59:49 [info] 17596#1772: *12 SSL_do_handshake() failed (SSL: error:0A000416:SSL routines::sslv3 alert certificate unknown:SSL alert number 46) while SSL handshaking, client: 192.168.1.1, server: 0.0.0.0:443
2024/09/23 08:59:49 [info] 17596#1772: *13 client 192.168.1.1 closed keepalive connection
2024/09/23 09:00:21 [info] 17596#1772: *8 client timed out (10060: A connection attempt failed because the connected party did not properly respond after a period of time, or established connection failed because connected host has failed to respond) while waiting for request, client: 192.168.1.1, server: 0.0.0.0:443
2024/09/23 09:00:21 [info] 17596#1772: *9 client timed out (10060: A connection attempt failed because the connected party did not properly respond after a period of time, or established connection failed because connected host has failed to respond) while waiting for request, client: 192.168.1.1, server: 0.0.0.0:443
2024/09/23 09:02:32 [info] 17596#1772: *14 SSL_do_handshake() failed (SSL: error:0A000416:SSL routines::sslv3 alert certificate unknown:SSL alert number 46) while SSL handshaking, client: 192.168.1.1, server: 0.0.0.0:443
2024/09/23 09:02:57 [info] 17596#1772: *16 SSL_do_handshake() failed (SSL: error:0A000416:SSL routines::sslv3 alert certificate unknown:SSL alert number 46) while SSL handshaking, client: 192.168.1.1, server: 0.0.0.0:443
2024/09/23 09:02:57 [info] 17596#1772: *17 client 192.168.1.1 closed keepalive connection
2024/09/23 09:03:41 [info] 17596#1772: *18 SSL_do_handshake() failed (SSL: error:0A000416:SSL routines::sslv3 alert certificate unknown:SSL alert number 46) while SSL handshaking, client: 192.168.1.1, server: 0.0.0.0:443
2024/09/23 09:04:15 [notice] 31976#25176: using the "select" event method
2024/09/23 09:04:15 [notice] 31976#25176: using the "select" event method
2024/09/23 09:04:15 [notice] 31976#25176: nginx/1.26.2
2024/09/23 09:04:15 [notice] 31976#25176: nginx/1.26.2
2024/09/23 09:04:15 [info] 31976#25176: OS: 260200 build:9200, "", suite:100, type:1
2024/09/23 09:04:15 [notice] 31976#25176: start worker processes
2024/09/23 09:04:15 [notice] 31976#25176: start worker processes
2024/09/23 09:04:15 [notice] 31976#25176: start worker process 20136
2024/09/23 09:04:15 [notice] 31976#25176: start worker process 20136
2024/09/23 09:04:15 [notice] 20136#18660: nginx/1.26.2
2024/09/23 09:04:15 [notice] 20136#18660: nginx/1.26.2
2024/09/23 09:04:15 [info] 20136#18660: OS: 260200 build:9200, "", suite:100, type:1
2024/09/23 09:04:15 [notice] 20136#18660: create thread 28736
2024/09/23 09:04:15 [notice] 20136#18660: create thread 28736
2024/09/23 09:04:15 [notice] 20136#18660: create thread 27440
2024/09/23 09:04:15 [notice] 20136#18660: create thread 27440
2024/09/23 09:04:15 [notice] 20136#18660: create thread 32228
2024/09/23 09:04:15 [notice] 20136#18660: create thread 32228
2024/09/23 09:04:19 [info] 20136#28736: *1 SSL_do_handshake() failed (SSL: error:0A000416:SSL routines::sslv3 alert certificate unknown:SSL alert number 46) while SSL handshaking, client: 192.168.1.1, server: 0.0.0.0:443
2024/09/23 09:04:19 [info] 20136#28736: *3 SSL_do_handshake() failed (SSL: error:0A000416:SSL routines::sslv3 alert certificate unknown:SSL alert number 46) while SSL handshaking, client: 192.168.1.1, server: 0.0.0.0:443
2024/09/23 09:04:19 [info] 20136#28736: *4 SSL_do_handshake() failed (SSL: error:0A000416:SSL routines::sslv3 alert certificate unknown:SSL alert number 46) while SSL handshaking, client: 192.168.1.1, server: 0.0.0.0:443
2024/09/23 09:04:19 [info] 20136#28736: *7 SSL_do_handshake() failed (SSL: error:0A000416:SSL routines::sslv3 alert certificate unknown:SSL alert number 46) while SSL handshaking, client: 192.168.1.1, server: 0.0.0.0:443
2024/09/23 09:04:19 [info] 20136#28736: *6 SSL_do_handshake() failed (SSL: error:0A000416:SSL routines::sslv3 alert certificate unknown:SSL alert number 46) while SSL handshaking, client: 192.168.1.1, server: 0.0.0.0:443
2024/09/23 09:04:38 [error] 20136#28736: *8 connect() failed (10061: No connection could be made because the target machine actively refused it) while connecting to upstream, client: 192.168.1.1, server: localhost, request: "POST /api/login HTTP/1.1", upstream: "https://[::1]:8080/login", host: "norbinet.asuscomm.com", referrer: "https://norbinet.asuscomm.com/"
2024/09/23 09:04:38 [error] 20136#28736: *8 connect() failed (10061: No connection could be made because the target machine actively refused it) while connecting to upstream, client: 192.168.1.1, server: localhost, request: "POST /api/login HTTP/1.1", upstream: "https://[::1]:8080/login", host: "norbinet.asuscomm.com", referrer: "https://norbinet.asuscomm.com/"
2024/09/23 09:04:38 [error] 20136#28736: *8 connect() failed (10061: No connection could be made because the target machine actively refused it) while connecting to upstream, client: 192.168.1.1, server: localhost, request: "POST /api/login HTTP/1.1", upstream: "https://[::1]:8080/login", host: "norbinet.asuscomm.com", referrer: "https://norbinet.asuscomm.com/"
2024/09/23 09:04:38 [warn] 20136#28736: *8 upstream server temporarily disabled while connecting to upstream, client: 192.168.1.1, server: localhost, request: "POST /api/login HTTP/1.1", upstream: "https://[::1]:8080/login", host: "norbinet.asuscomm.com", referrer: "https://norbinet.asuscomm.com/"
2024/09/23 09:04:38 [warn] 20136#28736: *8 upstream server temporarily disabled while connecting to upstream, client: 192.168.1.1, server: localhost, request: "POST /api/login HTTP/1.1", upstream: "https://[::1]:8080/login", host: "norbinet.asuscomm.com", referrer: "https://norbinet.asuscomm.com/"
2024/09/23 09:04:58 [info] 20136#28736: *14 SSL_do_handshake() failed (SSL: error:0A000416:SSL routines::sslv3 alert certificate unknown:SSL alert number 46) while SSL handshaking, client: 192.168.1.1, server: 0.0.0.0:443
2024/09/23 09:04:58 [info] 20136#28736: *15 client 192.168.1.1 closed keepalive connection
2024/09/23 09:09:14 [notice] 34536#39760: signal process started
2024/09/23 09:09:14 [notice] 31976#25176: reconfiguring
2024/09/23 09:09:14 [notice] 31976#25176: reconfiguring
2024/09/23 09:09:14 [notice] 31976#25176: using the "select" event method
2024/09/23 09:09:14 [notice] 31976#25176: using the "select" event method
2024/09/23 09:09:14 [notice] 31976#25176: start worker processes
2024/09/23 09:09:14 [notice] 31976#25176: start worker processes
2024/09/23 09:09:14 [notice] 31976#25176: start worker process 3368
2024/09/23 09:09:14 [notice] 31976#25176: start worker process 3368
2024/09/23 09:09:14 [notice] 3368#7128: nginx/1.26.2
2024/09/23 09:09:14 [notice] 3368#7128: nginx/1.26.2
2024/09/23 09:09:14 [info] 3368#7128: OS: 260200 build:9200, "", suite:100, type:1
2024/09/23 09:09:14 [notice] 3368#7128: create thread 10644
2024/09/23 09:09:14 [notice] 20136#18660: gracefully shutting down
2024/09/23 09:09:14 [notice] 3368#7128: create thread 10644
2024/09/23 09:09:14 [notice] 20136#18660: gracefully shutting down
2024/09/23 09:09:14 [notice] 20136#27440: exiting
2024/09/23 09:09:14 [notice] 20136#27440: exiting
2024/09/23 09:09:14 [notice] 3368#7128: create thread 12592
2024/09/23 09:09:14 [notice] 3368#7128: create thread 12592
2024/09/23 09:09:14 [notice] 3368#7128: create thread 20900
2024/09/23 09:09:14 [notice] 3368#7128: create thread 20900
2024/09/23 09:09:14 [notice] 20136#28736: exiting
2024/09/23 09:09:14 [notice] 20136#28736: exiting
2024/09/23 09:09:14 [notice] 20136#18660: exit
2024/09/23 09:09:14 [notice] 20136#18660: exit
2024/09/23 09:09:14 [notice] 31976#25176: worker process 20136 exited with code 0
2024/09/23 09:09:14 [notice] 31976#25176: worker process 20136 exited with code 0
2024/09/23 09:09:21 [info] 3368#10644: *16 SSL_do_handshake() failed (SSL: error:0A000416:SSL routines::sslv3 alert certificate unknown:SSL alert number 46) while SSL handshaking, client: 192.168.1.1, server: 0.0.0.0:443
2024/09/23 09:09:21 [info] 3368#10644: *17 SSL_do_handshake() failed (SSL: error:0A000416:SSL routines::sslv3 alert certificate unknown:SSL alert number 46) while SSL handshaking, client: 192.168.1.1, server: 0.0.0.0:443
2024/09/23 09:09:21 [info] 3368#10644: *19 SSL_do_handshake() failed (SSL: error:0A000416:SSL routines::sslv3 alert certificate unknown:SSL alert number 46) while SSL handshaking, client: 192.168.1.1, server: 0.0.0.0:443
2024/09/23 09:09:21 [info] 3368#10644: *20 SSL_do_handshake() failed (SSL: error:0A000416:SSL routines::sslv3 alert certificate unknown:SSL alert number 46) while SSL handshaking, client: 192.168.1.1, server: 0.0.0.0:443
2024/09/23 09:09:25 [error] 3368#10644: *21 connect() failed (10061: No connection could be made because the target machine actively refused it) while connecting to upstream, client: 192.168.1.1, server: localhost, request: "POST /api/login HTTP/1.1", upstream: "https://[::1]:8080/login", host: "norbinet.asuscomm.com", referrer: "https://norbinet.asuscomm.com/"
2024/09/23 09:09:25 [error] 3368#10644: *21 connect() failed (10061: No connection could be made because the target machine actively refused it) while connecting to upstream, client: 192.168.1.1, server: localhost, request: "POST /api/login HTTP/1.1", upstream: "https://[::1]:8080/login", host: "norbinet.asuscomm.com", referrer: "https://norbinet.asuscomm.com/"
2024/09/23 09:09:25 [error] 3368#10644: *21 connect() failed (10061: No connection could be made because the target machine actively refused it) while connecting to upstream, client: 192.168.1.1, server: localhost, request: "POST /api/login HTTP/1.1", upstream: "https://[::1]:8080/login", host: "norbinet.asuscomm.com", referrer: "https://norbinet.asuscomm.com/"
2024/09/23 09:09:25 [warn] 3368#10644: *21 upstream server temporarily disabled while connecting to upstream, client: 192.168.1.1, server: localhost, request: "POST /api/login HTTP/1.1", upstream: "https://[::1]:8080/login", host: "norbinet.asuscomm.com", referrer: "https://norbinet.asuscomm.com/"
2024/09/23 09:09:25 [warn] 3368#10644: *21 upstream server temporarily disabled while connecting to upstream, client: 192.168.1.1, server: localhost, request: "POST /api/login HTTP/1.1", upstream: "https://[::1]:8080/login", host: "norbinet.asuscomm.com", referrer: "https://norbinet.asuscomm.com/"
2024/09/23 09:09:28 [info] 3368#10644: *25 SSL_do_handshake() failed (SSL: error:0A000416:SSL routines::sslv3 alert certificate unknown:SSL alert number 46) while SSL handshaking, client: 192.168.1.1, server: 0.0.0.0:443
2024/09/23 09:09:28 [info] 3368#10644: *26 client 192.168.1.1 closed keepalive connection
2024/09/23 09:09:58 [notice] 12364#20708: signal process started
2024/09/23 09:09:58 [notice] 31976#25176: reconfiguring
2024/09/23 09:09:58 [notice] 31976#25176: reconfiguring
2024/09/23 09:09:58 [notice] 31976#25176: using the "select" event method
2024/09/23 09:09:58 [notice] 31976#25176: using the "select" event method
2024/09/23 09:09:58 [notice] 31976#25176: start worker processes
2024/09/23 09:09:58 [notice] 31976#25176: start worker processes
2024/09/23 09:09:58 [notice] 31976#25176: start worker process 23452
2024/09/23 09:09:58 [notice] 31976#25176: start worker process 23452
2024/09/23 09:09:58 [notice] 23452#33228: nginx/1.26.2
2024/09/23 09:09:58 [notice] 23452#33228: nginx/1.26.2
2024/09/23 09:09:58 [info] 23452#33228: OS: 260200 build:9200, "", suite:100, type:1
2024/09/23 09:09:58 [notice] 3368#7128: gracefully shutting down
2024/09/23 09:09:58 [notice] 3368#7128: gracefully shutting down
2024/09/23 09:09:58 [notice] 23452#33228: create thread 31700
2024/09/23 09:09:58 [notice] 23452#33228: create thread 31700
2024/09/23 09:09:58 [notice] 3368#12592: exiting
2024/09/23 09:09:58 [notice] 23452#33228: create thread 24264
2024/09/23 09:09:58 [notice] 23452#33228: create thread 24264
2024/09/23 09:09:58 [notice] 3368#12592: exiting
2024/09/23 09:09:58 [notice] 23452#33228: create thread 11696
2024/09/23 09:09:58 [notice] 23452#33228: create thread 11696
2024/09/23 09:09:58 [notice] 3368#10644: exiting
2024/09/23 09:09:58 [notice] 3368#10644: exiting
2024/09/23 09:09:58 [notice] 3368#7128: exit
2024/09/23 09:09:58 [notice] 3368#7128: exit
2024/09/23 09:09:58 [notice] 31976#25176: worker process 3368 exited with code 0
2024/09/23 09:09:58 [notice] 31976#25176: worker process 3368 exited with code 0
2024/09/23 09:10:04 [info] 23452#31700: *27 SSL_do_handshake() failed (SSL: error:0A000416:SSL routines::sslv3 alert certificate unknown:SSL alert number 46) while SSL handshaking, client: 192.168.1.1, server: 0.0.0.0:443
2024/09/23 09:10:06 [info] 23452#31700: *29 SSL_do_handshake() failed (SSL: error:0A000416:SSL routines::sslv3 alert certificate unknown:SSL alert number 46) while SSL handshaking, client: 192.168.1.1, server: 0.0.0.0:443
2024/09/23 09:10:06 [info] 23452#31700: *30 client 192.168.1.1 closed keepalive connection
2024/09/23 09:10:53 [notice] 39540#32148: using the "select" event method
2024/09/23 09:10:53 [notice] 39540#32148: using the "select" event method
2024/09/23 09:10:53 [notice] 39540#32148: nginx/1.26.2
2024/09/23 09:10:53 [notice] 39540#32148: nginx/1.26.2
2024/09/23 09:10:53 [info] 39540#32148: OS: 260200 build:9200, "", suite:100, type:1
2024/09/23 09:10:53 [notice] 39540#32148: start worker processes
2024/09/23 09:10:53 [notice] 39540#32148: start worker processes
2024/09/23 09:10:53 [notice] 39540#32148: start worker process 5064
2024/09/23 09:10:53 [notice] 39540#32148: start worker process 5064
2024/09/23 09:10:53 [notice] 5064#24484: nginx/1.26.2
2024/09/23 09:10:53 [notice] 5064#24484: nginx/1.26.2
2024/09/23 09:10:53 [info] 5064#24484: OS: 260200 build:9200, "", suite:100, type:1
2024/09/23 09:10:53 [notice] 5064#24484: create thread 5456
2024/09/23 09:10:53 [notice] 5064#24484: create thread 5456
2024/09/23 09:10:53 [notice] 5064#24484: create thread 33296
2024/09/23 09:10:53 [notice] 5064#24484: create thread 33296
2024/09/23 09:10:53 [notice] 5064#24484: create thread 15624
2024/09/23 09:10:53 [notice] 5064#24484: create thread 15624
2024/09/23 09:10:55 [info] 5064#5456: *1 SSL_do_handshake() failed (SSL: error:0A000416:SSL routines::sslv3 alert certificate unknown:SSL alert number 46) while SSL handshaking, client: 192.168.1.1, server: 0.0.0.0:443
2024/09/23 09:10:59 [info] 5064#5456: *3 SSL_do_handshake() failed (SSL: error:0A000416:SSL routines::sslv3 alert certificate unknown:SSL alert number 46) while SSL handshaking, client: 192.168.1.1, server: 0.0.0.0:443
2024/09/23 09:10:59 [info] 5064#5456: *4 client 192.168.1.1 closed keepalive connection
2024/09/23 09:12:51 [notice] 32020#2328: using the "select" event method
2024/09/23 09:12:51 [notice] 32020#2328: using the "select" event method
2024/09/23 09:12:51 [notice] 32020#2328: nginx/1.26.2
2024/09/23 09:12:51 [notice] 32020#2328: nginx/1.26.2
2024/09/23 09:12:51 [info] 32020#2328: OS: 260200 build:9200, "", suite:100, type:1
2024/09/23 09:12:51 [notice] 32020#2328: start worker processes
2024/09/23 09:12:51 [notice] 32020#2328: start worker processes
2024/09/23 09:12:51 [notice] 32020#2328: start worker process 16420
2024/09/23 09:12:51 [notice] 32020#2328: start worker process 16420
2024/09/23 09:12:51 [notice] 16420#15588: nginx/1.26.2
2024/09/23 09:12:51 [notice] 16420#15588: nginx/1.26.2
2024/09/23 09:12:51 [info] 16420#15588: OS: 260200 build:9200, "", suite:100, type:1
2024/09/23 09:12:51 [notice] 16420#15588: create thread 20224
2024/09/23 09:12:51 [notice] 16420#15588: create thread 20224
2024/09/23 09:12:51 [notice] 16420#15588: create thread 37212
2024/09/23 09:12:51 [notice] 16420#15588: create thread 37212
2024/09/23 09:12:51 [notice] 16420#15588: create thread 10456
2024/09/23 09:12:51 [notice] 16420#15588: create thread 10456
2024/09/23 09:12:52 [info] 16420#20224: *1 SSL_do_handshake() failed (SSL: error:0A000416:SSL routines::sslv3 alert certificate unknown:SSL alert number 46) while SSL handshaking, client: 192.168.1.1, server: 0.0.0.0:443
2024/09/23 09:12:52 [info] 16420#20224: *3 SSL_do_handshake() failed (SSL: error:0A000416:SSL routines::sslv3 alert certificate unknown:SSL alert number 46) while SSL handshaking, client: 192.168.1.1, server: 0.0.0.0:443
2024/09/23 09:12:52 [info] 16420#20224: *4 SSL_do_handshake() failed (SSL: error:0A000416:SSL routines::sslv3 alert certificate unknown:SSL alert number 46) while SSL handshaking, client: 192.168.1.1, server: 0.0.0.0:443
2024/09/23 09:12:52 [info] 16420#20224: *7 SSL_do_handshake() failed (SSL: error:0A000416:SSL routines::sslv3 alert certificate unknown:SSL alert number 46) while SSL handshaking, client: 192.168.1.1, server: 0.0.0.0:443
2024/09/23 09:12:55 [info] 16420#20224: *2 client 192.168.1.1 closed keepalive connection
2024/09/23 09:12:55 [info] 16420#20224: *6 client 192.168.1.1 closed keepalive connection
2024/09/23 09:12:55 [info] 16420#20224: *5 client 192.168.1.1 closed keepalive connection
2024/09/23 09:12:57 [info] 16420#20224: *8 SSL_do_handshake() failed (SSL: error:0A000416:SSL routines::sslv3 alert certificate unknown:SSL alert number 46) while SSL handshaking, client: 192.168.1.1, server: 0.0.0.0:443
2024/09/23 09:12:58 [info] 16420#20224: *9 SSL_do_handshake() failed (SSL: error:0A000416:SSL routines::sslv3 alert certificate unknown:SSL alert number 46) while SSL handshaking, client: 192.168.1.1, server: 0.0.0.0:443
2024/09/23 09:12:58 [info] 16420#20224: *11 SSL_do_handshake() failed (SSL: error:0A000416:SSL routines::sslv3 alert certificate unknown:SSL alert number 46) while SSL handshaking, client: 192.168.1.1, server: 0.0.0.0:443
2024/09/23 09:12:58 [info] 16420#20224: *12 SSL_do_handshake() failed (SSL: error:0A000416:SSL routines::sslv3 alert certificate unknown:SSL alert number 46) while SSL handshaking, client: 192.168.1.1, server: 0.0.0.0:443
2024/09/23 09:12:58 [info] 16420#20224: *14 SSL_do_handshake() failed (SSL: error:0A000416:SSL routines::sslv3 alert certificate unknown:SSL alert number 46) while SSL handshaking, client: 192.168.1.1, server: 0.0.0.0:443
2024/09/23 09:13:07 [error] 16420#20224: *13 connect() failed (10061: No connection could be made because the target machine actively refused it) while connecting to upstream, client: 192.168.1.1, server: localhost, request: "POST /api/login HTTP/1.1", upstream: "https://[::1]:8080/login", host: "norbinet.asuscomm.com", referrer: "https://norbinet.asuscomm.com/"
2024/09/23 09:13:07 [error] 16420#20224: *13 connect() failed (10061: No connection could be made because the target machine actively refused it) while connecting to upstream, client: 192.168.1.1, server: localhost, request: "POST /api/login HTTP/1.1", upstream: "https://[::1]:8080/login", host: "norbinet.asuscomm.com", referrer: "https://norbinet.asuscomm.com/"
2024/09/23 09:13:07 [error] 16420#20224: *13 connect() failed (10061: No connection could be made because the target machine actively refused it) while connecting to upstream, client: 192.168.1.1, server: localhost, request: "POST /api/login HTTP/1.1", upstream: "https://[::1]:8080/login", host: "norbinet.asuscomm.com", referrer: "https://norbinet.asuscomm.com/"
2024/09/23 09:13:07 [warn] 16420#20224: *13 upstream server temporarily disabled while connecting to upstream, client: 192.168.1.1, server: localhost, request: "POST /api/login HTTP/1.1", upstream: "https://[::1]:8080/login", host: "norbinet.asuscomm.com", referrer: "https://norbinet.asuscomm.com/"
2024/09/23 09:13:07 [warn] 16420#20224: *13 upstream server temporarily disabled while connecting to upstream, client: 192.168.1.1, server: localhost, request: "POST /api/login HTTP/1.1", upstream: "https://[::1]:8080/login", host: "norbinet.asuscomm.com", referrer: "https://norbinet.asuscomm.com/"
2024/09/23 09:13:18 [info] 16420#20224: *17 SSL_do_handshake() failed (SSL: error:0A000416:SSL routines::sslv3 alert certificate unknown:SSL alert number 46) while SSL handshaking, client: 192.168.1.1, server: 0.0.0.0:443
2024/09/23 09:13:18 [info] 16420#20224: *18 client 192.168.1.1 closed keepalive connection
2024/09/23 09:13:50 [notice] 33444#32428: signal process started
2024/09/23 09:13:50 [notice] 32020#2328: reconfiguring
2024/09/23 09:13:50 [notice] 32020#2328: reconfiguring
2024/09/23 09:13:50 [notice] 32020#2328: using the "select" event method
2024/09/23 09:13:50 [notice] 32020#2328: using the "select" event method
2024/09/23 09:13:50 [notice] 32020#2328: start worker processes
2024/09/23 09:13:50 [notice] 32020#2328: start worker processes
2024/09/23 09:13:50 [notice] 32020#2328: start worker process 27508
2024/09/23 09:13:50 [notice] 32020#2328: start worker process 27508
2024/09/23 09:13:50 [notice] 27508#14076: nginx/1.26.2
2024/09/23 09:13:50 [notice] 27508#14076: nginx/1.26.2
2024/09/23 09:13:50 [info] 27508#14076: OS: 260200 build:9200, "", suite:100, type:1
2024/09/23 09:13:50 [notice] 16420#15588: gracefully shutting down
2024/09/23 09:13:50 [notice] 16420#15588: gracefully shutting down
2024/09/23 09:13:50 [notice] 16420#37212: exiting
2024/09/23 09:13:50 [notice] 27508#14076: create thread 18236
2024/09/23 09:13:50 [notice] 16420#37212: exiting
2024/09/23 09:13:50 [notice] 27508#14076: create thread 18236
2024/09/23 09:13:50 [notice] 27508#14076: create thread 34028
2024/09/23 09:13:50 [notice] 27508#14076: create thread 34028
2024/09/23 09:13:50 [notice] 27508#14076: create thread 31588
2024/09/23 09:13:50 [notice] 27508#14076: create thread 31588
2024/09/23 09:13:50 [notice] 16420#20224: exiting
2024/09/23 09:13:50 [notice] 16420#20224: exiting
2024/09/23 09:13:50 [notice] 16420#15588: exit
2024/09/23 09:13:50 [notice] 16420#15588: exit
2024/09/23 09:13:50 [notice] 32020#2328: worker process 16420 exited with code 0
2024/09/23 09:13:50 [notice] 32020#2328: worker process 16420 exited with code 0
2024/09/23 09:13:54 [info] 27508#18236: *19 SSL_do_handshake() failed (SSL: error:0A000416:SSL routines::sslv3 alert certificate unknown:SSL alert number 46) while SSL handshaking, client: 192.168.1.1, server: 0.0.0.0:443
2024/09/23 09:13:56 [info] 27508#18236: *21 SSL_do_handshake() failed (SSL: error:0A000416:SSL routines::sslv3 alert certificate unknown:SSL alert number 46) while SSL handshaking, client: 192.168.1.1, server: 0.0.0.0:443
2024/09/23 09:13:56 [info] 27508#18236: *24 SSL_do_handshake() failed (SSL: error:0A000416:SSL routines::sslv3 alert certificate unknown:SSL alert number 46) while SSL handshaking, client: 192.168.1.1, server: 0.0.0.0:443
2024/09/23 09:13:58 [error] 27508#18236: *22 connect() failed (10061: No connection could be made because the target machine actively refused it) while connecting to upstream, client: 192.168.1.1, server: localhost, request: "GET /wss HTTP/1.1", upstream: "https://[::1]:8080/", host: "norbinet.asuscomm.com"
2024/09/23 09:13:58 [error] 27508#18236: *22 connect() failed (10061: No connection could be made because the target machine actively refused it) while connecting to upstream, client: 192.168.1.1, server: localhost, request: "GET /wss HTTP/1.1", upstream: "https://[::1]:8080/", host: "norbinet.asuscomm.com"
2024/09/23 09:13:58 [error] 27508#18236: *22 connect() failed (10061: No connection could be made because the target machine actively refused it) while connecting to upstream, client: 192.168.1.1, server: localhost, request: "GET /wss HTTP/1.1", upstream: "https://[::1]:8080/", host: "norbinet.asuscomm.com"
2024/09/23 09:13:58 [warn] 27508#18236: *22 upstream server temporarily disabled while connecting to upstream, client: 192.168.1.1, server: localhost, request: "GET /wss HTTP/1.1", upstream: "https://[::1]:8080/", host: "norbinet.asuscomm.com"
2024/09/23 09:13:58 [warn] 27508#18236: *22 upstream server temporarily disabled while connecting to upstream, client: 192.168.1.1, server: localhost, request: "GET /wss HTTP/1.1", upstream: "https://[::1]:8080/", host: "norbinet.asuscomm.com"
2024/09/23 09:13:58 [error] 27508#18236: *22 upstream prematurely closed connection while reading response header from upstream, client: 192.168.1.1, server: localhost, request: "GET /wss HTTP/1.1", upstream: "https://127.0.0.1:8080/", host: "norbinet.asuscomm.com"
2024/09/23 09:13:58 [error] 27508#18236: *22 upstream prematurely closed connection while reading response header from upstream, client: 192.168.1.1, server: localhost, request: "GET /wss HTTP/1.1", upstream: "https://127.0.0.1:8080/", host: "norbinet.asuscomm.com"
2024/09/23 09:13:58 [error] 27508#18236: *22 upstream prematurely closed connection while reading response header from upstream, client: 192.168.1.1, server: localhost, request: "GET /wss HTTP/1.1", upstream: "https://127.0.0.1:8080/", host: "norbinet.asuscomm.com"
2024/09/23 09:13:58 [warn] 27508#18236: *22 upstream server temporarily disabled while reading response header from upstream, client: 192.168.1.1, server: localhost, request: "GET /wss HTTP/1.1", upstream: "https://127.0.0.1:8080/", host: "norbinet.asuscomm.com"
2024/09/23 09:13:58 [warn] 27508#18236: *22 upstream server temporarily disabled while reading response header from upstream, client: 192.168.1.1, server: localhost, request: "GET /wss HTTP/1.1", upstream: "https://127.0.0.1:8080/", host: "norbinet.asuscomm.com"
2024/09/23 09:13:58 [info] 27508#18236: *22 client 192.168.1.1 closed keepalive connection
2024/09/23 09:15:05 [notice] 25964#15024: signal process started
2024/09/23 09:15:05 [notice] 32020#2328: reconfiguring
2024/09/23 09:15:05 [notice] 32020#2328: reconfiguring
2024/09/23 09:15:05 [notice] 32020#2328: using the "select" event method
2024/09/23 09:15:05 [notice] 32020#2328: using the "select" event method
2024/09/23 09:15:05 [notice] 32020#2328: start worker processes
2024/09/23 09:15:05 [notice] 32020#2328: start worker processes
2024/09/23 09:15:05 [notice] 32020#2328: start worker process 1708
2024/09/23 09:15:05 [notice] 32020#2328: start worker process 1708
2024/09/23 09:15:05 [notice] 1708#5580: nginx/1.26.2
2024/09/23 09:15:05 [notice] 1708#5580: nginx/1.26.2
2024/09/23 09:15:05 [info] 1708#5580: OS: 260200 build:9200, "", suite:100, type:1
2024/09/23 09:15:05 [notice] 27508#14076: gracefully shutting down
2024/09/23 09:15:05 [notice] 27508#14076: gracefully shutting down
2024/09/23 09:15:05 [notice] 1708#5580: create thread 968
2024/09/23 09:15:05 [notice] 1708#5580: create thread 968
2024/09/23 09:15:05 [notice] 27508#34028: exiting
2024/09/23 09:15:05 [notice] 27508#34028: exiting
2024/09/23 09:15:05 [notice] 1708#5580: create thread 16060
2024/09/23 09:15:05 [notice] 1708#5580: create thread 16060
2024/09/23 09:15:05 [notice] 1708#5580: create thread 34856
2024/09/23 09:15:05 [notice] 1708#5580: create thread 34856
2024/09/23 09:15:06 [notice] 27508#18236: exiting
2024/09/23 09:15:06 [notice] 27508#18236: exiting
2024/09/23 09:15:06 [notice] 27508#14076: exit
2024/09/23 09:15:06 [notice] 27508#14076: exit
2024/09/23 09:15:06 [notice] 32020#2328: worker process 27508 exited with code 0
2024/09/23 09:15:06 [notice] 32020#2328: worker process 27508 exited with code 0
2024/09/23 09:15:12 [info] 1708#968: *27 SSL_do_handshake() failed (SSL: error:0A000416:SSL routines::sslv3 alert certificate unknown:SSL alert number 46) while SSL handshaking, client: 192.168.1.1, server: 0.0.0.0:443
2024/09/23 09:15:14 [info] 1708#968: *29 SSL_do_handshake() failed (SSL: error:0A000416:SSL routines::sslv3 alert certificate unknown:SSL alert number 46) while SSL handshaking, client: 192.168.1.1, server: 0.0.0.0:443
2024/09/23 09:15:16 [error] 1708#968: *30 connect() failed (10061: No connection could be made because the target machine actively refused it) while connecting to upstream, client: 192.168.1.1, server: localhost, request: "GET /wss HTTP/1.1", upstream: "https://[::1]:8080/", host: "norbinet.asuscomm.com"
2024/09/23 09:15:16 [error] 1708#968: *30 connect() failed (10061: No connection could be made because the target machine actively refused it) while connecting to upstream, client: 192.168.1.1, server: localhost, request: "GET /wss HTTP/1.1", upstream: "https://[::1]:8080/", host: "norbinet.asuscomm.com"
2024/09/23 09:15:16 [error] 1708#968: *30 connect() failed (10061: No connection could be made because the target machine actively refused it) while connecting to upstream, client: 192.168.1.1, server: localhost, request: "GET /wss HTTP/1.1", upstream: "https://[::1]:8080/", host: "norbinet.asuscomm.com"
2024/09/23 09:15:16 [warn] 1708#968: *30 upstream server temporarily disabled while connecting to upstream, client: 192.168.1.1, server: localhost, request: "GET /wss HTTP/1.1", upstream: "https://[::1]:8080/", host: "norbinet.asuscomm.com"
2024/09/23 09:15:16 [warn] 1708#968: *30 upstream server temporarily disabled while connecting to upstream, client: 192.168.1.1, server: localhost, request: "GET /wss HTTP/1.1", upstream: "https://[::1]:8080/", host: "norbinet.asuscomm.com"
2024/09/23 09:15:16 [error] 1708#968: *30 upstream prematurely closed connection while reading response header from upstream, client: 192.168.1.1, server: localhost, request: "GET /wss HTTP/1.1", upstream: "https://127.0.0.1:8080/", host: "norbinet.asuscomm.com"
2024/09/23 09:15:16 [error] 1708#968: *30 upstream prematurely closed connection while reading response header from upstream, client: 192.168.1.1, server: localhost, request: "GET /wss HTTP/1.1", upstream: "https://127.0.0.1:8080/", host: "norbinet.asuscomm.com"
2024/09/23 09:15:16 [error] 1708#968: *30 upstream prematurely closed connection while reading response header from upstream, client: 192.168.1.1, server: localhost, request: "GET /wss HTTP/1.1", upstream: "https://127.0.0.1:8080/", host: "norbinet.asuscomm.com"
2024/09/23 09:15:16 [warn] 1708#968: *30 upstream server temporarily disabled while reading response header from upstream, client: 192.168.1.1, server: localhost, request: "GET /wss HTTP/1.1", upstream: "https://127.0.0.1:8080/", host: "norbinet.asuscomm.com"
2024/09/23 09:15:16 [warn] 1708#968: *30 upstream server temporarily disabled while reading response header from upstream, client: 192.168.1.1, server: localhost, request: "GET /wss HTTP/1.1", upstream: "https://127.0.0.1:8080/", host: "norbinet.asuscomm.com"
2024/09/23 09:15:16 [info] 1708#968: *30 client 192.168.1.1 closed keepalive connection
2024/09/23 09:15:54 [notice] 30040#19164: signal process started
2024/09/23 09:15:54 [notice] 32020#2328: reconfiguring
2024/09/23 09:15:54 [notice] 32020#2328: reconfiguring
2024/09/23 09:15:54 [notice] 32020#2328: using the "select" event method
2024/09/23 09:15:54 [notice] 32020#2328: using the "select" event method
2024/09/23 09:15:54 [notice] 32020#2328: start worker processes
2024/09/23 09:15:54 [notice] 32020#2328: start worker processes
2024/09/23 09:15:54 [notice] 32020#2328: start worker process 25032
2024/09/23 09:15:54 [notice] 32020#2328: start worker process 25032
2024/09/23 09:15:54 [notice] 25032#30072: nginx/1.26.2
2024/09/23 09:15:54 [notice] 25032#30072: nginx/1.26.2
2024/09/23 09:15:54 [info] 25032#30072: OS: 260200 build:9200, "", suite:100, type:1
2024/09/23 09:15:54 [notice] 1708#5580: gracefully shutting down
2024/09/23 09:15:54 [notice] 1708#5580: gracefully shutting down
2024/09/23 09:15:54 [notice] 25032#30072: create thread 23048
2024/09/23 09:15:54 [notice] 25032#30072: create thread 23048
2024/09/23 09:15:54 [notice] 1708#16060: exiting
2024/09/23 09:15:54 [notice] 1708#16060: exiting
2024/09/23 09:15:54 [notice] 25032#30072: create thread 10304
2024/09/23 09:15:54 [notice] 25032#30072: create thread 10304
2024/09/23 09:15:54 [notice] 25032#30072: create thread 21424
2024/09/23 09:15:54 [notice] 25032#30072: create thread 21424
2024/09/23 09:15:54 [notice] 1708#968: exiting
2024/09/23 09:15:54 [notice] 1708#968: exiting
2024/09/23 09:15:54 [notice] 1708#5580: exit
2024/09/23 09:15:54 [notice] 1708#5580: exit
2024/09/23 09:15:54 [notice] 32020#2328: worker process 1708 exited with code 0
2024/09/23 09:15:54 [notice] 32020#2328: worker process 1708 exited with code 0
2024/09/23 09:15:55 [info] 25032#23048: *33 SSL_do_handshake() failed (SSL: error:0A000416:SSL routines::sslv3 alert certificate unknown:SSL alert number 46) while SSL handshaking, client: 192.168.1.1, server: 0.0.0.0:443
2024/09/23 09:15:58 [info] 25032#23048: *35 SSL_do_handshake() failed (SSL: error:0A000416:SSL routines::sslv3 alert certificate unknown:SSL alert number 46) while SSL handshaking, client: 192.168.1.1, server: 0.0.0.0:443
2024/09/23 09:16:00 [error] 25032#23048: *36 connect() failed (10061: No connection could be made because the target machine actively refused it) while connecting to upstream, client: 192.168.1.1, server: localhost, request: "GET /wss HTTP/1.1", upstream: "https://[::1]:8080/", host: "norbinet.asuscomm.com"
2024/09/23 09:16:00 [error] 25032#23048: *36 connect() failed (10061: No connection could be made because the target machine actively refused it) while connecting to upstream, client: 192.168.1.1, server: localhost, request: "GET /wss HTTP/1.1", upstream: "https://[::1]:8080/", host: "norbinet.asuscomm.com"
2024/09/23 09:16:00 [error] 25032#23048: *36 connect() failed (10061: No connection could be made because the target machine actively refused it) while connecting to upstream, client: 192.168.1.1, server: localhost, request: "GET /wss HTTP/1.1", upstream: "https://[::1]:8080/", host: "norbinet.asuscomm.com"
2024/09/23 09:16:00 [warn] 25032#23048: *36 upstream server temporarily disabled while connecting to upstream, client: 192.168.1.1, server: localhost, request: "GET /wss HTTP/1.1", upstream: "https://[::1]:8080/", host: "norbinet.asuscomm.com"
2024/09/23 09:16:00 [warn] 25032#23048: *36 upstream server temporarily disabled while connecting to upstream, client: 192.168.1.1, server: localhost, request: "GET /wss HTTP/1.1", upstream: "https://[::1]:8080/", host: "norbinet.asuscomm.com"
2024/09/23 09:16:00 [error] 25032#23048: *36 upstream prematurely closed connection while reading response header from upstream, client: 192.168.1.1, server: localhost, request: "GET /wss HTTP/1.1", upstream: "https://127.0.0.1:8080/", host: "norbinet.asuscomm.com"
2024/09/23 09:16:00 [error] 25032#23048: *36 upstream prematurely closed connection while reading response header from upstream, client: 192.168.1.1, server: localhost, request: "GET /wss HTTP/1.1", upstream: "https://127.0.0.1:8080/", host: "norbinet.asuscomm.com"
2024/09/23 09:16:00 [error] 25032#23048: *36 upstream prematurely closed connection while reading response header from upstream, client: 192.168.1.1, server: localhost, request: "GET /wss HTTP/1.1", upstream: "https://127.0.0.1:8080/", host: "norbinet.asuscomm.com"
2024/09/23 09:16:00 [warn] 25032#23048: *36 upstream server temporarily disabled while reading response header from upstream, client: 192.168.1.1, server: localhost, request: "GET /wss HTTP/1.1", upstream: "https://127.0.0.1:8080/", host: "norbinet.asuscomm.com"
2024/09/23 09:16:00 [warn] 25032#23048: *36 upstream server temporarily disabled while reading response header from upstream, client: 192.168.1.1, server: localhost, request: "GET /wss HTTP/1.1", upstream: "https://127.0.0.1:8080/", host: "norbinet.asuscomm.com"
2024/09/23 09:16:00 [info] 25032#23048: *36 client 192.168.1.1 closed keepalive connection
2024/09/23 09:16:31 [info] 25032#23048: *39 SSL_do_handshake() failed (SSL: error:0A000416:SSL routines::sslv3 alert certificate unknown:SSL alert number 46) while SSL handshaking, client: 192.168.1.1, server: 0.0.0.0:443
2024/09/23 09:17:19 [error] 25032#23048: *40 upstream prematurely closed connection while reading response header from upstream, client: 192.168.1.1, server: localhost, request: "GET /wss HTTP/1.1", upstream: "https://127.0.0.1:8080/", host: "norbinet.asuscomm.com"
2024/09/23 09:17:19 [error] 25032#23048: *40 upstream prematurely closed connection while reading response header from upstream, client: 192.168.1.1, server: localhost, request: "GET /wss HTTP/1.1", upstream: "https://127.0.0.1:8080/", host: "norbinet.asuscomm.com"
2024/09/23 09:17:19 [error] 25032#23048: *40 upstream prematurely closed connection while reading response header from upstream, client: 192.168.1.1, server: localhost, request: "GET /wss HTTP/1.1", upstream: "https://127.0.0.1:8080/", host: "norbinet.asuscomm.com"
2024/09/23 09:17:19 [warn] 25032#23048: *40 upstream server temporarily disabled while reading response header from upstream, client: 192.168.1.1, server: localhost, request: "GET /wss HTTP/1.1", upstream: "https://127.0.0.1:8080/", host: "norbinet.asuscomm.com"
2024/09/23 09:17:19 [warn] 25032#23048: *40 upstream server temporarily disabled while reading response header from upstream, client: 192.168.1.1, server: localhost, request: "GET /wss HTTP/1.1", upstream: "https://127.0.0.1:8080/", host: "norbinet.asuscomm.com"
2024/09/23 09:17:21 [error] 25032#23048: *40 connect() failed (10061: No connection could be made because the target machine actively refused it) while connecting to upstream, client: 192.168.1.1, server: localhost, request: "GET /wss HTTP/1.1", upstream: "https://[::1]:8080/", host: "norbinet.asuscomm.com"
2024/09/23 09:17:21 [error] 25032#23048: *40 connect() failed (10061: No connection could be made because the target machine actively refused it) while connecting to upstream, client: 192.168.1.1, server: localhost, request: "GET /wss HTTP/1.1", upstream: "https://[::1]:8080/", host: "norbinet.asuscomm.com"
2024/09/23 09:17:21 [error] 25032#23048: *40 connect() failed (10061: No connection could be made because the target machine actively refused it) while connecting to upstream, client: 192.168.1.1, server: localhost, request: "GET /wss HTTP/1.1", upstream: "https://[::1]:8080/", host: "norbinet.asuscomm.com"
2024/09/23 09:17:21 [warn] 25032#23048: *40 upstream server temporarily disabled while connecting to upstream, client: 192.168.1.1, server: localhost, request: "GET /wss HTTP/1.1", upstream: "https://[::1]:8080/", host: "norbinet.asuscomm.com"
2024/09/23 09:17:21 [warn] 25032#23048: *40 upstream server temporarily disabled while connecting to upstream, client: 192.168.1.1, server: localhost, request: "GET /wss HTTP/1.1", upstream: "https://[::1]:8080/", host: "norbinet.asuscomm.com"
2024/09/23 09:17:21 [info] 25032#23048: *40 client 192.168.1.1 closed keepalive connection
2024/09/23 09:18:50 [notice] 27184#30748: signal process started
2024/09/23 09:18:50 [notice] 32020#2328: reconfiguring
2024/09/23 09:18:50 [notice] 32020#2328: reconfiguring
2024/09/23 09:18:50 [notice] 32020#2328: using the "select" event method
2024/09/23 09:18:50 [notice] 32020#2328: using the "select" event method
2024/09/23 09:18:50 [notice] 32020#2328: start worker processes
2024/09/23 09:18:50 [notice] 32020#2328: start worker processes
2024/09/23 09:18:50 [notice] 32020#2328: start worker process 39580
2024/09/23 09:18:50 [notice] 32020#2328: start worker process 39580
2024/09/23 09:18:50 [notice] 39580#24972: nginx/1.26.2
2024/09/23 09:18:50 [notice] 39580#24972: nginx/1.26.2
2024/09/23 09:18:50 [info] 39580#24972: OS: 260200 build:9200, "", suite:100, type:1
2024/09/23 09:18:50 [notice] 39580#24972: create thread 37424
2024/09/23 09:18:50 [notice] 25032#30072: gracefully shutting down
2024/09/23 09:18:50 [notice] 39580#24972: create thread 37424
2024/09/23 09:18:50 [notice] 25032#30072: gracefully shutting down
2024/09/23 09:18:50 [notice] 25032#10304: exiting
2024/09/23 09:18:50 [notice] 39580#24972: create thread 1068
2024/09/23 09:18:50 [notice] 25032#10304: exiting
2024/09/23 09:18:50 [notice] 39580#24972: create thread 1068
2024/09/23 09:18:50 [notice] 39580#24972: create thread 15208
2024/09/23 09:18:50 [notice] 39580#24972: create thread 15208
2024/09/23 09:18:50 [notice] 25032#23048: exiting
2024/09/23 09:18:50 [notice] 25032#23048: exiting
2024/09/23 09:18:50 [notice] 25032#30072: exit
2024/09/23 09:18:50 [notice] 25032#30072: exit
2024/09/23 09:18:50 [notice] 32020#2328: worker process 25032 exited with code 0
2024/09/23 09:18:50 [notice] 32020#2328: worker process 25032 exited with code 0
2024/09/23 09:18:53 [info] 39580#37424: *43 SSL_do_handshake() failed (SSL: error:0A000416:SSL routines::sslv3 alert certificate unknown:SSL alert number 46) while SSL handshaking, client: 192.168.1.1, server: 0.0.0.0:443
2024/09/23 09:18:55 [info] 39580#37424: *45 SSL_do_handshake() failed (SSL: error:0A000416:SSL routines::sslv3 alert certificate unknown:SSL alert number 46) while SSL handshaking, client: 192.168.1.1, server: 0.0.0.0:443
2024/09/23 09:18:57 [error] 39580#37424: *46 connect() failed (10061: No connection could be made because the target machine actively refused it) while connecting to upstream, client: 192.168.1.1, server: localhost, request: "GET /wss HTTP/1.1", upstream: "https://[::1]:8080/", host: "norbinet.asuscomm.com"
2024/09/23 09:18:57 [error] 39580#37424: *46 connect() failed (10061: No connection could be made because the target machine actively refused it) while connecting to upstream, client: 192.168.1.1, server: localhost, request: "GET /wss HTTP/1.1", upstream: "https://[::1]:8080/", host: "norbinet.asuscomm.com"
2024/09/23 09:18:57 [error] 39580#37424: *46 connect() failed (10061: No connection could be made because the target machine actively refused it) while connecting to upstream, client: 192.168.1.1, server: localhost, request: "GET /wss HTTP/1.1", upstream: "https://[::1]:8080/", host: "norbinet.asuscomm.com"
2024/09/23 09:18:57 [warn] 39580#37424: *46 upstream server temporarily disabled while connecting to upstream, client: 192.168.1.1, server: localhost, request: "GET /wss HTTP/1.1", upstream: "https://[::1]:8080/", host: "norbinet.asuscomm.com"
2024/09/23 09:18:57 [warn] 39580#37424: *46 upstream server temporarily disabled while connecting to upstream, client: 192.168.1.1, server: localhost, request: "GET /wss HTTP/1.1", upstream: "https://[::1]:8080/", host: "norbinet.asuscomm.com"
2024/09/23 09:19:04 [error] 39580#37424: *46 upstream prematurely closed connection while reading response header from upstream, client: 192.168.1.1, server: localhost, request: "GET /wss HTTP/1.1", upstream: "https://127.0.0.1:8080/", host: "norbinet.asuscomm.com"
2024/09/23 09:19:04 [error] 39580#37424: *46 upstream prematurely closed connection while reading response header from upstream, client: 192.168.1.1, server: localhost, request: "GET /wss HTTP/1.1", upstream: "https://127.0.0.1:8080/", host: "norbinet.asuscomm.com"
2024/09/23 09:19:04 [error] 39580#37424: *46 upstream prematurely closed connection while reading response header from upstream, client: 192.168.1.1, server: localhost, request: "GET /wss HTTP/1.1", upstream: "https://127.0.0.1:8080/", host: "norbinet.asuscomm.com"
2024/09/23 09:19:04 [warn] 39580#37424: *46 upstream server temporarily disabled while reading response header from upstream, client: 192.168.1.1, server: localhost, request: "GET /wss HTTP/1.1", upstream: "https://127.0.0.1:8080/", host: "norbinet.asuscomm.com"
2024/09/23 09:19:04 [warn] 39580#37424: *46 upstream server temporarily disabled while reading response header from upstream, client: 192.168.1.1, server: localhost, request: "GET /wss HTTP/1.1", upstream: "https://127.0.0.1:8080/", host: "norbinet.asuscomm.com"
2024/09/23 09:19:04 [info] 39580#37424: *46 client 192.168.1.1 closed keepalive connection
2024/09/23 09:24:57 [notice] 26564#26268: signal process started
2024/09/23 09:24:57 [notice] 32020#2328: reconfiguring
2024/09/23 09:24:57 [notice] 32020#2328: reconfiguring
2024/09/23 09:24:57 [notice] 32020#2328: using the "select" event method
2024/09/23 09:24:57 [notice] 32020#2328: using the "select" event method
2024/09/23 09:24:57 [notice] 32020#2328: start worker processes
2024/09/23 09:24:57 [notice] 32020#2328: start worker processes
2024/09/23 09:24:57 [notice] 32020#2328: start worker process 32364
2024/09/23 09:24:57 [notice] 32020#2328: start worker process 32364
2024/09/23 09:24:57 [notice] 32364#13488: nginx/1.26.2
2024/09/23 09:24:57 [notice] 32364#13488: nginx/1.26.2
2024/09/23 09:24:57 [info] 32364#13488: OS: 260200 build:9200, "", suite:100, type:1
2024/09/23 09:24:57 [notice] 39580#24972: gracefully shutting down
2024/09/23 09:24:57 [notice] 32364#13488: create thread 11884
2024/09/23 09:24:57 [notice] 32364#13488: create thread 11884
2024/09/23 09:24:57 [notice] 39580#24972: gracefully shutting down
2024/09/23 09:24:57 [notice] 32364#13488: create thread 1576
2024/09/23 09:24:57 [notice] 39580#1068: exiting
2024/09/23 09:24:57 [notice] 32364#13488: create thread 1576
2024/09/23 09:24:57 [notice] 39580#1068: exiting
2024/09/23 09:24:57 [notice] 32364#13488: create thread 20232
2024/09/23 09:24:57 [notice] 32364#13488: create thread 20232
2024/09/23 09:24:58 [notice] 39580#37424: exiting
2024/09/23 09:24:58 [notice] 39580#37424: exiting
2024/09/23 09:24:58 [notice] 39580#24972: exit
2024/09/23 09:24:58 [notice] 39580#24972: exit
2024/09/23 09:24:58 [notice] 32020#2328: worker process 39580 exited with code 0
2024/09/23 09:24:58 [notice] 32020#2328: worker process 39580 exited with code 0
2024/09/23 09:24:59 [info] 32364#11884: *49 SSL_do_handshake() failed (SSL: error:0A000416:SSL routines::sslv3 alert certificate unknown:SSL alert number 46) while SSL handshaking, client: 192.168.1.1, server: 0.0.0.0:443
2024/09/23 09:25:01 [info] 32364#11884: *51 SSL_do_handshake() failed (SSL: error:0A000416:SSL routines::sslv3 alert certificate unknown:SSL alert number 46) while SSL handshaking, client: 192.168.1.1, server: 0.0.0.0:443
2024/09/23 09:25:03 [error] 32364#11884: *52 connect() failed (10061: No connection could be made because the target machine actively refused it) while connecting to upstream, client: 192.168.1.1, server: localhost, request: "GET /wss HTTP/1.1", upstream: "https://[::1]:8080/", host: "norbinet.asuscomm.com"
2024/09/23 09:25:03 [error] 32364#11884: *52 connect() failed (10061: No connection could be made because the target machine actively refused it) while connecting to upstream, client: 192.168.1.1, server: localhost, request: "GET /wss HTTP/1.1", upstream: "https://[::1]:8080/", host: "norbinet.asuscomm.com"
2024/09/23 09:25:03 [error] 32364#11884: *52 connect() failed (10061: No connection could be made because the target machine actively refused it) while connecting to upstream, client: 192.168.1.1, server: localhost, request: "GET /wss HTTP/1.1", upstream: "https://[::1]:8080/", host: "norbinet.asuscomm.com"
2024/09/23 09:25:03 [warn] 32364#11884: *52 upstream server temporarily disabled while connecting to upstream, client: 192.168.1.1, server: localhost, request: "GET /wss HTTP/1.1", upstream: "https://[::1]:8080/", host: "norbinet.asuscomm.com"
2024/09/23 09:25:03 [warn] 32364#11884: *52 upstream server temporarily disabled while connecting to upstream, client: 192.168.1.1, server: localhost, request: "GET /wss HTTP/1.1", upstream: "https://[::1]:8080/", host: "norbinet.asuscomm.com"
2024/09/23 09:25:03 [error] 32364#11884: *52 upstream prematurely closed connection while reading response header from upstream, client: 192.168.1.1, server: localhost, request: "GET /wss HTTP/1.1", upstream: "https://127.0.0.1:8080/", host: "norbinet.asuscomm.com"
2024/09/23 09:25:03 [error] 32364#11884: *52 upstream prematurely closed connection while reading response header from upstream, client: 192.168.1.1, server: localhost, request: "GET /wss HTTP/1.1", upstream: "https://127.0.0.1:8080/", host: "norbinet.asuscomm.com"
2024/09/23 09:25:03 [error] 32364#11884: *52 upstream prematurely closed connection while reading response header from upstream, client: 192.168.1.1, server: localhost, request: "GET /wss HTTP/1.1", upstream: "https://127.0.0.1:8080/", host: "norbinet.asuscomm.com"
2024/09/23 09:25:03 [warn] 32364#11884: *52 upstream server temporarily disabled while reading response header from upstream, client: 192.168.1.1, server: localhost, request: "GET /wss HTTP/1.1", upstream: "https://127.0.0.1:8080/", host: "norbinet.asuscomm.com"
2024/09/23 09:25:03 [warn] 32364#11884: *52 upstream server temporarily disabled while reading response header from upstream, client: 192.168.1.1, server: localhost, request: "GET /wss HTTP/1.1", upstream: "https://127.0.0.1:8080/", host: "norbinet.asuscomm.com"
2024/09/23 09:25:03 [info] 32364#11884: *52 client 192.168.1.1 closed keepalive connection
2024/09/23 09:25:47 [info] 32364#11884: *55 SSL_do_handshake() failed (SSL: error:0A000416:SSL routines::sslv3 alert certificate unknown:SSL alert number 46) while SSL handshaking, client: 192.168.1.1, server: 0.0.0.0:443
2024/09/23 09:25:47 [error] 32364#11884: *56 upstream prematurely closed connection while reading response header from upstream, client: 192.168.1.1, server: localhost, request: "GET /wss HTTP/1.1", upstream: "https://127.0.0.1:8080/", host: "norbinet.asuscomm.com"
2024/09/23 09:25:47 [error] 32364#11884: *56 upstream prematurely closed connection while reading response header from upstream, client: 192.168.1.1, server: localhost, request: "GET /wss HTTP/1.1", upstream: "https://127.0.0.1:8080/", host: "norbinet.asuscomm.com"
2024/09/23 09:25:47 [error] 32364#11884: *56 upstream prematurely closed connection while reading response header from upstream, client: 192.168.1.1, server: localhost, request: "GET /wss HTTP/1.1", upstream: "https://127.0.0.1:8080/", host: "norbinet.asuscomm.com"
2024/09/23 09:25:47 [warn] 32364#11884: *56 upstream server temporarily disabled while reading response header from upstream, client: 192.168.1.1, server: localhost, request: "GET /wss HTTP/1.1", upstream: "https://127.0.0.1:8080/", host: "norbinet.asuscomm.com"
2024/09/23 09:25:47 [warn] 32364#11884: *56 upstream server temporarily disabled while reading response header from upstream, client: 192.168.1.1, server: localhost, request: "GET /wss HTTP/1.1", upstream: "https://127.0.0.1:8080/", host: "norbinet.asuscomm.com"
2024/09/23 09:25:49 [error] 32364#11884: *56 connect() failed (10061: No connection could be made because the target machine actively refused it) while connecting to upstream, client: 192.168.1.1, server: localhost, request: "GET /wss HTTP/1.1", upstream: "https://[::1]:8080/", host: "norbinet.asuscomm.com"
2024/09/23 09:25:49 [error] 32364#11884: *56 connect() failed (10061: No connection could be made because the target machine actively refused it) while connecting to upstream, client: 192.168.1.1, server: localhost, request: "GET /wss HTTP/1.1", upstream: "https://[::1]:8080/", host: "norbinet.asuscomm.com"
2024/09/23 09:25:49 [error] 32364#11884: *56 connect() failed (10061: No connection could be made because the target machine actively refused it) while connecting to upstream, client: 192.168.1.1, server: localhost, request: "GET /wss HTTP/1.1", upstream: "https://[::1]:8080/", host: "norbinet.asuscomm.com"
2024/09/23 09:25:49 [warn] 32364#11884: *56 upstream server temporarily disabled while connecting to upstream, client: 192.168.1.1, server: localhost, request: "GET /wss HTTP/1.1", upstream: "https://[::1]:8080/", host: "norbinet.asuscomm.com"
2024/09/23 09:25:49 [warn] 32364#11884: *56 upstream server temporarily disabled while connecting to upstream, client: 192.168.1.1, server: localhost, request: "GET /wss HTTP/1.1", upstream: "https://[::1]:8080/", host: "norbinet.asuscomm.com"
2024/09/23 09:25:49 [info] 32364#11884: *56 client 192.168.1.1 closed keepalive connection
2024/09/23 09:26:26 [info] 32364#11884: *59 SSL_do_handshake() failed (SSL: error:0A000416:SSL routines::sslv3 alert certificate unknown:SSL alert number 46) while SSL handshaking, client: 192.168.1.1, server: 0.0.0.0:443
2024/09/23 09:27:26 [warn] 32364#11884: *60 upstream server temporarily disabled while reading response header from upstream, client: 192.168.1.1, server: localhost, request: "GET /wss HTTP/1.1", upstream: "https://127.0.0.1:8080/", host: "norbinet.asuscomm.com"
2024/09/23 09:27:26 [warn] 32364#11884: *60 upstream server temporarily disabled while reading response header from upstream, client: 192.168.1.1, server: localhost, request: "GET /wss HTTP/1.1", upstream: "https://127.0.0.1:8080/", host: "norbinet.asuscomm.com"
2024/09/23 09:27:26 [error] 32364#11884: *60 upstream timed out (10060: A connection attempt failed because the connected party did not properly respond after a period of time, or established connection failed because connected host has failed to respond) while reading response header from upstream, client: 192.168.1.1, server: localhost, request: "GET /wss HTTP/1.1", upstream: "https://127.0.0.1:8080/", host: "norbinet.asuscomm.com"
2024/09/23 09:27:26 [error] 32364#11884: *60 upstream timed out (10060: A connection attempt failed because the connected party did not properly respond after a period of time, or established connection failed because connected host has failed to respond) while reading response header from upstream, client: 192.168.1.1, server: localhost, request: "GET /wss HTTP/1.1", upstream: "https://127.0.0.1:8080/", host: "norbinet.asuscomm.com"
2024/09/23 09:27:26 [error] 32364#11884: *60 upstream timed out (10060: A connection attempt failed because the connected party did not properly respond after a period of time, or established connection failed because connected host has failed to respond) while reading response header from upstream, client: 192.168.1.1, server: localhost, request: "GET /wss HTTP/1.1", upstream: "https://127.0.0.1:8080/", host: "norbinet.asuscomm.com"
2024/09/23 09:27:28 [error] 32364#11884: *60 connect() failed (10061: No connection could be made because the target machine actively refused it) while connecting to upstream, client: 192.168.1.1, server: localhost, request: "GET /wss HTTP/1.1", upstream: "https://[::1]:8080/", host: "norbinet.asuscomm.com"
2024/09/23 09:27:28 [error] 32364#11884: *60 connect() failed (10061: No connection could be made because the target machine actively refused it) while connecting to upstream, client: 192.168.1.1, server: localhost, request: "GET /wss HTTP/1.1", upstream: "https://[::1]:8080/", host: "norbinet.asuscomm.com"
2024/09/23 09:27:28 [error] 32364#11884: *60 connect() failed (10061: No connection could be made because the target machine actively refused it) while connecting to upstream, client: 192.168.1.1, server: localhost, request: "GET /wss HTTP/1.1", upstream: "https://[::1]:8080/", host: "norbinet.asuscomm.com"
2024/09/23 09:27:28 [warn] 32364#11884: *60 upstream server temporarily disabled while connecting to upstream, client: 192.168.1.1, server: localhost, request: "GET /wss HTTP/1.1", upstream: "https://[::1]:8080/", host: "norbinet.asuscomm.com"
2024/09/23 09:27:28 [warn] 32364#11884: *60 upstream server temporarily disabled while connecting to upstream, client: 192.168.1.1, server: localhost, request: "GET /wss HTTP/1.1", upstream: "https://[::1]:8080/", host: "norbinet.asuscomm.com"
2024/09/23 09:27:28 [info] 32364#11884: *60 client 192.168.1.1 closed keepalive connection
2024/09/23 09:32:49 [notice] 12668#26952: signal process started
2024/09/23 09:32:49 [notice] 32020#2328: reconfiguring
2024/09/23 09:32:49 [notice] 32020#2328: reconfiguring
2024/09/23 09:32:49 [notice] 32020#2328: using the "select" event method
2024/09/23 09:32:49 [notice] 32020#2328: using the "select" event method
2024/09/23 09:32:49 [notice] 32020#2328: start worker processes
2024/09/23 09:32:49 [notice] 32020#2328: start worker processes
2024/09/23 09:32:49 [notice] 32020#2328: start worker process 15756
2024/09/23 09:32:49 [notice] 32020#2328: start worker process 15756
2024/09/23 09:32:49 [notice] 15756#4072: nginx/1.26.2
2024/09/23 09:32:49 [notice] 15756#4072: nginx/1.26.2
2024/09/23 09:32:49 [info] 15756#4072: OS: 260200 build:9200, "", suite:100, type:1
2024/09/23 09:32:49 [notice] 32364#13488: gracefully shutting down
2024/09/23 09:32:49 [notice] 32364#13488: gracefully shutting down
2024/09/23 09:32:49 [notice] 32364#1576: exiting
2024/09/23 09:32:49 [notice] 15756#4072: create thread 9784
2024/09/23 09:32:49 [notice] 32364#1576: exiting
2024/09/23 09:32:49 [notice] 15756#4072: create thread 9784
2024/09/23 09:32:49 [notice] 15756#4072: create thread 38004
2024/09/23 09:32:49 [notice] 15756#4072: create thread 38004
2024/09/23 09:32:49 [notice] 15756#4072: create thread 16124
2024/09/23 09:32:49 [notice] 15756#4072: create thread 16124
2024/09/23 09:32:49 [notice] 32364#11884: exiting
2024/09/23 09:32:49 [notice] 32364#11884: exiting
2024/09/23 09:32:49 [notice] 32364#13488: exit
2024/09/23 09:32:49 [notice] 32364#13488: exit
2024/09/23 09:32:49 [notice] 32020#2328: worker process 32364 exited with code 0
2024/09/23 09:32:49 [notice] 32020#2328: worker process 32364 exited with code 0
2024/09/23 09:32:54 [info] 15756#9784: *63 SSL_do_handshake() failed (SSL: error:0A000416:SSL routines::sslv3 alert certificate unknown:SSL alert number 46) while SSL handshaking, client: 192.168.1.1, server: 0.0.0.0:443
2024/09/23 09:32:59 [info] 15756#9784: *65 SSL_do_handshake() failed (SSL: error:0A000416:SSL routines::sslv3 alert certificate unknown:SSL alert number 46) while SSL handshaking, client: 192.168.1.1, server: 0.0.0.0:443
2024/09/23 09:33:02 [error] 15756#9784: *66 connect() failed (10061: No connection could be made because the target machine actively refused it) while connecting to upstream, client: 192.168.1.1, server: localhost, request: "GET /wss HTTP/1.1", upstream: "https://[::1]:8080/", host: "norbinet.asuscomm.com"
2024/09/23 09:33:02 [error] 15756#9784: *66 connect() failed (10061: No connection could be made because the target machine actively refused it) while connecting to upstream, client: 192.168.1.1, server: localhost, request: "GET /wss HTTP/1.1", upstream: "https://[::1]:8080/", host: "norbinet.asuscomm.com"
2024/09/23 09:33:02 [error] 15756#9784: *66 connect() failed (10061: No connection could be made because the target machine actively refused it) while connecting to upstream, client: 192.168.1.1, server: localhost, request: "GET /wss HTTP/1.1", upstream: "https://[::1]:8080/", host: "norbinet.asuscomm.com"
2024/09/23 09:33:02 [warn] 15756#9784: *66 upstream server temporarily disabled while connecting to upstream, client: 192.168.1.1, server: localhost, request: "GET /wss HTTP/1.1", upstream: "https://[::1]:8080/", host: "norbinet.asuscomm.com"
2024/09/23 09:33:02 [warn] 15756#9784: *66 upstream server temporarily disabled while connecting to upstream, client: 192.168.1.1, server: localhost, request: "GET /wss HTTP/1.1", upstream: "https://[::1]:8080/", host: "norbinet.asuscomm.com"
2024/09/23 09:33:11 [error] 15756#9784: *66 upstream prematurely closed connection while reading response header from upstream, client: 192.168.1.1, server: localhost, request: "GET /wss HTTP/1.1", upstream: "https://127.0.0.1:8080/", host: "norbinet.asuscomm.com"
2024/09/23 09:33:11 [error] 15756#9784: *66 upstream prematurely closed connection while reading response header from upstream, client: 192.168.1.1, server: localhost, request: "GET /wss HTTP/1.1", upstream: "https://127.0.0.1:8080/", host: "norbinet.asuscomm.com"
2024/09/23 09:33:11 [error] 15756#9784: *66 upstream prematurely closed connection while reading response header from upstream, client: 192.168.1.1, server: localhost, request: "GET /wss HTTP/1.1", upstream: "https://127.0.0.1:8080/", host: "norbinet.asuscomm.com"
2024/09/23 09:33:11 [warn] 15756#9784: *66 upstream server temporarily disabled while reading response header from upstream, client: 192.168.1.1, server: localhost, request: "GET /wss HTTP/1.1", upstream: "https://127.0.0.1:8080/", host: "norbinet.asuscomm.com"
2024/09/23 09:33:11 [warn] 15756#9784: *66 upstream server temporarily disabled while reading response header from upstream, client: 192.168.1.1, server: localhost, request: "GET /wss HTTP/1.1", upstream: "https://127.0.0.1:8080/", host: "norbinet.asuscomm.com"
2024/09/23 09:33:11 [info] 15756#9784: *66 client 192.168.1.1 closed keepalive connection
2024/09/23 09:38:11 [info] 15756#9784: *70 SSL_do_handshake() failed (SSL: error:0A000119:SSL routines::decryption failed or bad record mac) while SSL handshaking, client: 127.0.0.1, server: 0.0.0.0:443
2024/09/23 09:38:39 [info] 15756#9784: *71 client 127.0.0.1 closed keepalive connection
2024/09/23 09:39:25 [info] 15756#9784: *73 client 127.0.0.1 closed keepalive connection
2024/09/23 09:39:33 [error] 15756#9784: *74 connect() failed (10061: No connection could be made because the target machine actively refused it) while connecting to upstream, client: 127.0.0.1, server: localhost, request: "GET /wss/ HTTP/1.1", upstream: "https://[::1]:8080//", host: "127.0.0.1"
2024/09/23 09:39:33 [error] 15756#9784: *74 connect() failed (10061: No connection could be made because the target machine actively refused it) while connecting to upstream, client: 127.0.0.1, server: localhost, request: "GET /wss/ HTTP/1.1", upstream: "https://[::1]:8080//", host: "127.0.0.1"
2024/09/23 09:39:33 [error] 15756#9784: *74 connect() failed (10061: No connection could be made because the target machine actively refused it) while connecting to upstream, client: 127.0.0.1, server: localhost, request: "GET /wss/ HTTP/1.1", upstream: "https://[::1]:8080//", host: "127.0.0.1"
2024/09/23 09:39:33 [warn] 15756#9784: *74 upstream server temporarily disabled while connecting to upstream, client: 127.0.0.1, server: localhost, request: "GET /wss/ HTTP/1.1", upstream: "https://[::1]:8080//", host: "127.0.0.1"
2024/09/23 09:39:33 [warn] 15756#9784: *74 upstream server temporarily disabled while connecting to upstream, client: 127.0.0.1, server: localhost, request: "GET /wss/ HTTP/1.1", upstream: "https://[::1]:8080//", host: "127.0.0.1"
2024/09/23 09:39:33 [info] 15756#9784: *74 client 127.0.0.1 closed keepalive connection
2024/09/23 09:39:35 [info] 15756#9784: *77 client 127.0.0.1 closed keepalive connection
2024/09/23 09:39:39 [info] 15756#9784: *79 client 127.0.0.1 closed keepalive connection
2024/09/23 09:40:04 [info] 15756#9784: *81 client 192.168.1.1 closed keepalive connection
2024/09/23 09:40:24 [info] 15756#9784: *83 client 192.168.1.1 closed keepalive connection
2024/09/23 09:42:13 [notice] 29200#11892: signal process started
2024/09/23 09:42:13 [notice] 32020#2328: reconfiguring
2024/09/23 09:42:13 [notice] 32020#2328: reconfiguring
2024/09/23 09:42:13 [notice] 32020#2328: using the "select" event method
2024/09/23 09:42:13 [notice] 32020#2328: using the "select" event method
2024/09/23 09:42:13 [notice] 32020#2328: start worker processes
2024/09/23 09:42:13 [notice] 32020#2328: start worker processes
2024/09/23 09:42:13 [notice] 32020#2328: start worker process 6980
2024/09/23 09:42:13 [notice] 32020#2328: start worker process 6980
2024/09/23 09:42:13 [notice] 6980#24724: nginx/1.26.2
2024/09/23 09:42:13 [notice] 6980#24724: nginx/1.26.2
2024/09/23 09:42:13 [info] 6980#24724: OS: 260200 build:9200, "", suite:100, type:1
2024/09/23 09:42:13 [notice] 15756#4072: gracefully shutting down
2024/09/23 09:42:13 [notice] 6980#24724: create thread 6688
2024/09/23 09:42:13 [notice] 15756#4072: gracefully shutting down
2024/09/23 09:42:13 [notice] 6980#24724: create thread 6688
2024/09/23 09:42:13 [notice] 15756#38004: exiting
2024/09/23 09:42:13 [notice] 15756#38004: exiting
2024/09/23 09:42:13 [notice] 6980#24724: create thread 28472
2024/09/23 09:42:13 [notice] 6980#24724: create thread 28472
2024/09/23 09:42:13 [notice] 6980#24724: create thread 20424
2024/09/23 09:42:13 [notice] 6980#24724: create thread 20424
2024/09/23 09:42:13 [notice] 15756#9784: exiting
2024/09/23 09:42:13 [notice] 15756#9784: exiting
2024/09/23 09:42:13 [notice] 15756#4072: exit
2024/09/23 09:42:13 [notice] 15756#4072: exit
2024/09/23 09:42:13 [notice] 32020#2328: worker process 15756 exited with code 0
2024/09/23 09:42:13 [notice] 32020#2328: worker process 15756 exited with code 0
2024/09/23 09:42:15 [info] 6980#6688: *85 SSL_do_handshake() failed (SSL: error:0A000416:SSL routines::sslv3 alert certificate unknown:SSL alert number 46) while SSL handshaking, client: 192.168.1.1, server: 0.0.0.0:443
2024/09/23 09:42:17 [info] 6980#6688: *87 SSL_do_handshake() failed (SSL: error:0A000416:SSL routines::sslv3 alert certificate unknown:SSL alert number 46) while SSL handshaking, client: 192.168.1.1, server: 0.0.0.0:443
2024/09/23 09:42:19 [error] 6980#6688: *88 connect() failed (10061: No connection could be made because the target machine actively refused it) while connecting to upstream, client: 192.168.1.1, server: localhost, request: "GET /wss HTTP/1.1", upstream: "https://[::1]:8080/", host: "norbinet.asuscomm.com"
2024/09/23 09:42:19 [error] 6980#6688: *88 connect() failed (10061: No connection could be made because the target machine actively refused it) while connecting to upstream, client: 192.168.1.1, server: localhost, request: "GET /wss HTTP/1.1", upstream: "https://[::1]:8080/", host: "norbinet.asuscomm.com"
2024/09/23 09:42:19 [error] 6980#6688: *88 connect() failed (10061: No connection could be made because the target machine actively refused it) while connecting to upstream, client: 192.168.1.1, server: localhost, request: "GET /wss HTTP/1.1", upstream: "https://[::1]:8080/", host: "norbinet.asuscomm.com"
2024/09/23 09:42:19 [warn] 6980#6688: *88 upstream server temporarily disabled while connecting to upstream, client: 192.168.1.1, server: localhost, request: "GET /wss HTTP/1.1", upstream: "https://[::1]:8080/", host: "norbinet.asuscomm.com"
2024/09/23 09:42:19 [warn] 6980#6688: *88 upstream server temporarily disabled while connecting to upstream, client: 192.168.1.1, server: localhost, request: "GET /wss HTTP/1.1", upstream: "https://[::1]:8080/", host: "norbinet.asuscomm.com"
2024/09/23 09:42:21 [error] 6980#6688: *88 connect() failed (10061: No connection could be made because the target machine actively refused it) while connecting to upstream, client: 192.168.1.1, server: localhost, request: "GET /wss HTTP/1.1", upstream: "https://127.0.0.1:8080/", host: "norbinet.asuscomm.com"
2024/09/23 09:42:21 [error] 6980#6688: *88 connect() failed (10061: No connection could be made because the target machine actively refused it) while connecting to upstream, client: 192.168.1.1, server: localhost, request: "GET /wss HTTP/1.1", upstream: "https://127.0.0.1:8080/", host: "norbinet.asuscomm.com"
2024/09/23 09:42:21 [error] 6980#6688: *88 connect() failed (10061: No connection could be made because the target machine actively refused it) while connecting to upstream, client: 192.168.1.1, server: localhost, request: "GET /wss HTTP/1.1", upstream: "https://127.0.0.1:8080/", host: "norbinet.asuscomm.com"
2024/09/23 09:42:21 [warn] 6980#6688: *88 upstream server temporarily disabled while connecting to upstream, client: 192.168.1.1, server: localhost, request: "GET /wss HTTP/1.1", upstream: "https://127.0.0.1:8080/", host: "norbinet.asuscomm.com"
2024/09/23 09:42:21 [warn] 6980#6688: *88 upstream server temporarily disabled while connecting to upstream, client: 192.168.1.1, server: localhost, request: "GET /wss HTTP/1.1", upstream: "https://127.0.0.1:8080/", host: "norbinet.asuscomm.com"
2024/09/23 09:42:21 [info] 6980#6688: *88 client 192.168.1.1 closed keepalive connection
2024/09/23 09:42:25 [error] 6980#6688: *86 no live upstreams while connecting to upstream, client: 192.168.1.1, server: localhost, request: "POST /api/login HTTP/1.1", upstream: "https://localhost/login", host: "norbinet.asuscomm.com", referrer: "https://norbinet.asuscomm.com/"
2024/09/23 09:42:25 [error] 6980#6688: *86 no live upstreams while connecting to upstream, client: 192.168.1.1, server: localhost, request: "POST /api/login HTTP/1.1", upstream: "https://localhost/login", host: "norbinet.asuscomm.com", referrer: "https://norbinet.asuscomm.com/"
2024/09/23 09:42:25 [error] 6980#6688: *86 no live upstreams while connecting to upstream, client: 192.168.1.1, server: localhost, request: "POST /api/login HTTP/1.1", upstream: "https://localhost/login", host: "norbinet.asuscomm.com", referrer: "https://norbinet.asuscomm.com/"
2024/09/23 09:44:27 [notice] 30892#11904: signal process started
2024/09/23 09:44:27 [notice] 32020#2328: reconfiguring
2024/09/23 09:44:27 [notice] 32020#2328: reconfiguring
2024/09/23 09:44:27 [notice] 32020#2328: using the "select" event method
2024/09/23 09:44:27 [notice] 32020#2328: using the "select" event method
2024/09/23 09:44:27 [notice] 32020#2328: start worker processes
2024/09/23 09:44:27 [notice] 32020#2328: start worker processes
2024/09/23 09:44:27 [notice] 32020#2328: start worker process 17520
2024/09/23 09:44:27 [notice] 32020#2328: start worker process 17520
2024/09/23 09:44:27 [notice] 17520#14968: nginx/1.26.2
2024/09/23 09:44:27 [notice] 17520#14968: nginx/1.26.2
2024/09/23 09:44:27 [info] 17520#14968: OS: 260200 build:9200, "", suite:100, type:1
2024/09/23 09:44:27 [notice] 6980#24724: gracefully shutting down
2024/09/23 09:44:27 [notice] 17520#14968: create thread 37468
2024/09/23 09:44:27 [notice] 6980#24724: gracefully shutting down
2024/09/23 09:44:27 [notice] 17520#14968: create thread 37468
2024/09/23 09:44:27 [notice] 6980#28472: exiting
2024/09/23 09:44:27 [notice] 6980#28472: exiting
2024/09/23 09:44:27 [notice] 17520#14968: create thread 29164
2024/09/23 09:44:27 [notice] 17520#14968: create thread 29164
2024/09/23 09:44:27 [notice] 17520#14968: create thread 15732
2024/09/23 09:44:27 [notice] 17520#14968: create thread 15732
2024/09/23 09:44:27 [notice] 6980#6688: exiting
2024/09/23 09:44:27 [notice] 6980#6688: exiting
2024/09/23 09:44:27 [notice] 6980#24724: exit
2024/09/23 09:44:27 [notice] 6980#24724: exit
2024/09/23 09:44:27 [notice] 32020#2328: worker process 6980 exited with code 0
2024/09/23 09:44:27 [notice] 32020#2328: worker process 6980 exited with code 0
2024/09/23 09:44:29 [info] 17520#37468: *91 SSL_do_handshake() failed (SSL: error:0A000416:SSL routines::sslv3 alert certificate unknown:SSL alert number 46) while SSL handshaking, client: 192.168.1.1, server: 0.0.0.0:443
2024/09/23 09:44:32 [info] 17520#37468: *93 SSL_do_handshake() failed (SSL: error:0A000416:SSL routines::sslv3 alert certificate unknown:SSL alert number 46) while SSL handshaking, client: 192.168.1.1, server: 0.0.0.0:443
2024/09/23 09:44:34 [error] 17520#37468: *94 connect() failed (10061: No connection could be made because the target machine actively refused it) while connecting to upstream, client: 192.168.1.1, server: localhost, request: "GET /wss HTTP/1.1", upstream: "https://[::1]:8080/", host: "norbinet.asuscomm.com"
2024/09/23 09:44:34 [error] 17520#37468: *94 connect() failed (10061: No connection could be made because the target machine actively refused it) while connecting to upstream, client: 192.168.1.1, server: localhost, request: "GET /wss HTTP/1.1", upstream: "https://[::1]:8080/", host: "norbinet.asuscomm.com"
2024/09/23 09:44:34 [error] 17520#37468: *94 connect() failed (10061: No connection could be made because the target machine actively refused it) while connecting to upstream, client: 192.168.1.1, server: localhost, request: "GET /wss HTTP/1.1", upstream: "https://[::1]:8080/", host: "norbinet.asuscomm.com"
2024/09/23 09:44:34 [warn] 17520#37468: *94 upstream server temporarily disabled while connecting to upstream, client: 192.168.1.1, server: localhost, request: "GET /wss HTTP/1.1", upstream: "https://[::1]:8080/", host: "norbinet.asuscomm.com"
2024/09/23 09:44:34 [warn] 17520#37468: *94 upstream server temporarily disabled while connecting to upstream, client: 192.168.1.1, server: localhost, request: "GET /wss HTTP/1.1", upstream: "https://[::1]:8080/", host: "norbinet.asuscomm.com"
2024/09/23 09:44:36 [error] 17520#37468: *94 connect() failed (10061: No connection could be made because the target machine actively refused it) while connecting to upstream, client: 192.168.1.1, server: localhost, request: "GET /wss HTTP/1.1", upstream: "https://127.0.0.1:8080/", host: "norbinet.asuscomm.com"
2024/09/23 09:44:36 [error] 17520#37468: *94 connect() failed (10061: No connection could be made because the target machine actively refused it) while connecting to upstream, client: 192.168.1.1, server: localhost, request: "GET /wss HTTP/1.1", upstream: "https://127.0.0.1:8080/", host: "norbinet.asuscomm.com"
2024/09/23 09:44:36 [error] 17520#37468: *94 connect() failed (10061: No connection could be made because the target machine actively refused it) while connecting to upstream, client: 192.168.1.1, server: localhost, request: "GET /wss HTTP/1.1", upstream: "https://127.0.0.1:8080/", host: "norbinet.asuscomm.com"
2024/09/23 09:44:36 [warn] 17520#37468: *94 upstream server temporarily disabled while connecting to upstream, client: 192.168.1.1, server: localhost, request: "GET /wss HTTP/1.1", upstream: "https://127.0.0.1:8080/", host: "norbinet.asuscomm.com"
2024/09/23 09:44:36 [warn] 17520#37468: *94 upstream server temporarily disabled while connecting to upstream, client: 192.168.1.1, server: localhost, request: "GET /wss HTTP/1.1", upstream: "https://127.0.0.1:8080/", host: "norbinet.asuscomm.com"
2024/09/23 09:44:36 [info] 17520#37468: *94 client 192.168.1.1 closed keepalive connection
2024/09/23 09:44:48 [info] 17520#37468: *97 SSL_do_handshake() failed (SSL: error:0A000416:SSL routines::sslv3 alert certificate unknown:SSL alert number 46) while SSL handshaking, client: 192.168.1.1, server: 0.0.0.0:443
2024/09/23 09:45:01 [error] 17520#37468: *98 upstream prematurely closed connection while reading response header from upstream, client: 192.168.1.1, server: localhost, request: "GET /wss HTTP/1.1", upstream: "https://127.0.0.1:8080/", host: "norbinet.asuscomm.com"
2024/09/23 09:45:01 [error] 17520#37468: *98 upstream prematurely closed connection while reading response header from upstream, client: 192.168.1.1, server: localhost, request: "GET /wss HTTP/1.1", upstream: "https://127.0.0.1:8080/", host: "norbinet.asuscomm.com"
2024/09/23 09:45:01 [error] 17520#37468: *98 upstream prematurely closed connection while reading response header from upstream, client: 192.168.1.1, server: localhost, request: "GET /wss HTTP/1.1", upstream: "https://127.0.0.1:8080/", host: "norbinet.asuscomm.com"
2024/09/23 09:45:01 [warn] 17520#37468: *98 upstream server temporarily disabled while reading response header from upstream, client: 192.168.1.1, server: localhost, request: "GET /wss HTTP/1.1", upstream: "https://127.0.0.1:8080/", host: "norbinet.asuscomm.com"
2024/09/23 09:45:01 [warn] 17520#37468: *98 upstream server temporarily disabled while reading response header from upstream, client: 192.168.1.1, server: localhost, request: "GET /wss HTTP/1.1", upstream: "https://127.0.0.1:8080/", host: "norbinet.asuscomm.com"
2024/09/23 09:45:03 [error] 17520#37468: *98 connect() failed (10061: No connection could be made because the target machine actively refused it) while connecting to upstream, client: 192.168.1.1, server: localhost, request: "GET /wss HTTP/1.1", upstream: "https://[::1]:8080/", host: "norbinet.asuscomm.com"
2024/09/23 09:45:03 [error] 17520#37468: *98 connect() failed (10061: No connection could be made because the target machine actively refused it) while connecting to upstream, client: 192.168.1.1, server: localhost, request: "GET /wss HTTP/1.1", upstream: "https://[::1]:8080/", host: "norbinet.asuscomm.com"
2024/09/23 09:45:03 [error] 17520#37468: *98 connect() failed (10061: No connection could be made because the target machine actively refused it) while connecting to upstream, client: 192.168.1.1, server: localhost, request: "GET /wss HTTP/1.1", upstream: "https://[::1]:8080/", host: "norbinet.asuscomm.com"
2024/09/23 09:45:03 [warn] 17520#37468: *98 upstream server temporarily disabled while connecting to upstream, client: 192.168.1.1, server: localhost, request: "GET /wss HTTP/1.1", upstream: "https://[::1]:8080/", host: "norbinet.asuscomm.com"
2024/09/23 09:45:03 [warn] 17520#37468: *98 upstream server temporarily disabled while connecting to upstream, client: 192.168.1.1, server: localhost, request: "GET /wss HTTP/1.1", upstream: "https://[::1]:8080/", host: "norbinet.asuscomm.com"
2024/09/23 09:45:03 [info] 17520#37468: *98 client 192.168.1.1 closed keepalive connection
2024/09/23 09:45:11 [notice] 17212#39272: signal process started
2024/09/23 09:45:11 [notice] 32020#2328: reconfiguring
2024/09/23 09:45:11 [notice] 32020#2328: reconfiguring
2024/09/23 09:45:11 [notice] 32020#2328: using the "select" event method
2024/09/23 09:45:11 [notice] 32020#2328: using the "select" event method
2024/09/23 09:45:11 [notice] 32020#2328: start worker processes
2024/09/23 09:45:11 [notice] 32020#2328: start worker processes
2024/09/23 09:45:11 [notice] 32020#2328: start worker process 37576
2024/09/23 09:45:11 [notice] 32020#2328: start worker process 37576
2024/09/23 09:45:11 [notice] 37576#8972: nginx/1.26.2
2024/09/23 09:45:11 [notice] 37576#8972: nginx/1.26.2
2024/09/23 09:45:11 [info] 37576#8972: OS: 260200 build:9200, "", suite:100, type:1
2024/09/23 09:45:11 [notice] 17520#14968: gracefully shutting down
2024/09/23 09:45:11 [notice] 17520#14968: gracefully shutting down
2024/09/23 09:45:11 [notice] 37576#8972: create thread 29856
2024/09/23 09:45:11 [notice] 37576#8972: create thread 29856
2024/09/23 09:45:11 [notice] 17520#29164: exiting
2024/09/23 09:45:11 [notice] 17520#29164: exiting
2024/09/23 09:45:11 [notice] 37576#8972: create thread 9892
2024/09/23 09:45:11 [notice] 37576#8972: create thread 9892
2024/09/23 09:45:11 [notice] 37576#8972: create thread 31592
2024/09/23 09:45:11 [notice] 37576#8972: create thread 31592
2024/09/23 09:45:11 [notice] 17520#37468: exiting
2024/09/23 09:45:11 [notice] 17520#37468: exiting
2024/09/23 09:45:11 [notice] 17520#14968: exit
2024/09/23 09:45:11 [notice] 17520#14968: exit
2024/09/23 09:45:11 [notice] 32020#2328: worker process 17520 exited with code 0
2024/09/23 09:45:11 [notice] 32020#2328: worker process 17520 exited with code 0
2024/09/23 09:45:14 [info] 37576#29856: *101 SSL_do_handshake() failed (SSL: error:0A000416:SSL routines::sslv3 alert certificate unknown:SSL alert number 46) while SSL handshaking, client: 192.168.1.1, server: 0.0.0.0:443
2024/09/23 09:45:24 [info] 37576#29856: *103 SSL_do_handshake() failed (SSL: error:0A000416:SSL routines::sslv3 alert certificate unknown:SSL alert number 46) while SSL handshaking, client: 192.168.1.1, server: 0.0.0.0:443
2024/09/23 09:45:26 [error] 37576#29856: *104 connect() failed (10061: No connection could be made because the target machine actively refused it) while connecting to upstream, client: 192.168.1.1, server: localhost, request: "GET /wss HTTP/1.1", upstream: "https://[::1]:8080/", host: "norbinet.asuscomm.com"
2024/09/23 09:45:26 [error] 37576#29856: *104 connect() failed (10061: No connection could be made because the target machine actively refused it) while connecting to upstream, client: 192.168.1.1, server: localhost, request: "GET /wss HTTP/1.1", upstream: "https://[::1]:8080/", host: "norbinet.asuscomm.com"
2024/09/23 09:45:26 [error] 37576#29856: *104 connect() failed (10061: No connection could be made because the target machine actively refused it) while connecting to upstream, client: 192.168.1.1, server: localhost, request: "GET /wss HTTP/1.1", upstream: "https://[::1]:8080/", host: "norbinet.asuscomm.com"
2024/09/23 09:45:26 [warn] 37576#29856: *104 upstream server temporarily disabled while connecting to upstream, client: 192.168.1.1, server: localhost, request: "GET /wss HTTP/1.1", upstream: "https://[::1]:8080/", host: "norbinet.asuscomm.com"
2024/09/23 09:45:26 [warn] 37576#29856: *104 upstream server temporarily disabled while connecting to upstream, client: 192.168.1.1, server: localhost, request: "GET /wss HTTP/1.1", upstream: "https://[::1]:8080/", host: "norbinet.asuscomm.com"
2024/09/23 09:46:26 [warn] 37576#29856: *104 upstream server temporarily disabled while reading response header from upstream, client: 192.168.1.1, server: localhost, request: "GET /wss HTTP/1.1", upstream: "https://127.0.0.1:8080/", host: "norbinet.asuscomm.com"
2024/09/23 09:46:26 [warn] 37576#29856: *104 upstream server temporarily disabled while reading response header from upstream, client: 192.168.1.1, server: localhost, request: "GET /wss HTTP/1.1", upstream: "https://127.0.0.1:8080/", host: "norbinet.asuscomm.com"
2024/09/23 09:46:26 [error] 37576#29856: *104 upstream timed out (10060: A connection attempt failed because the connected party did not properly respond after a period of time, or established connection failed because connected host has failed to respond) while reading response header from upstream, client: 192.168.1.1, server: localhost, request: "GET /wss HTTP/1.1", upstream: "https://127.0.0.1:8080/", host: "norbinet.asuscomm.com"
2024/09/23 09:46:26 [error] 37576#29856: *104 upstream timed out (10060: A connection attempt failed because the connected party did not properly respond after a period of time, or established connection failed because connected host has failed to respond) while reading response header from upstream, client: 192.168.1.1, server: localhost, request: "GET /wss HTTP/1.1", upstream: "https://127.0.0.1:8080/", host: "norbinet.asuscomm.com"
2024/09/23 09:46:26 [error] 37576#29856: *104 upstream timed out (10060: A connection attempt failed because the connected party did not properly respond after a period of time, or established connection failed because connected host has failed to respond) while reading response header from upstream, client: 192.168.1.1, server: localhost, request: "GET /wss HTTP/1.1", upstream: "https://127.0.0.1:8080/", host: "norbinet.asuscomm.com"
2024/09/23 09:46:26 [info] 37576#29856: *104 client 192.168.1.1 closed keepalive connection
2024/09/23 10:04:04 [notice] 14572#38624: signal process started
2024/09/23 10:04:04 [notice] 32020#2328: reconfiguring
2024/09/23 10:04:04 [notice] 32020#2328: reconfiguring
2024/09/23 10:04:04 [notice] 32020#2328: using the "select" event method
2024/09/23 10:04:04 [notice] 32020#2328: using the "select" event method
2024/09/23 10:04:04 [notice] 32020#2328: start worker processes
2024/09/23 10:04:04 [notice] 32020#2328: start worker processes
2024/09/23 10:04:04 [notice] 32020#2328: start worker process 22564
2024/09/23 10:04:04 [notice] 32020#2328: start worker process 22564
2024/09/23 10:04:04 [notice] 22564#9840: nginx/1.26.2
2024/09/23 10:04:04 [notice] 22564#9840: nginx/1.26.2
2024/09/23 10:04:04 [info] 22564#9840: OS: 260200 build:9200, "", suite:100, type:1
2024/09/23 10:04:04 [notice] 37576#8972: gracefully shutting down
2024/09/23 10:04:04 [notice] 37576#8972: gracefully shutting down
2024/09/23 10:04:04 [notice] 22564#9840: create thread 40540
2024/09/23 10:04:04 [notice] 22564#9840: create thread 40540
2024/09/23 10:04:04 [notice] 37576#9892: exiting
2024/09/23 10:04:04 [notice] 37576#9892: exiting
2024/09/23 10:04:04 [notice] 22564#9840: create thread 33732
2024/09/23 10:04:04 [notice] 22564#9840: create thread 33732
2024/09/23 10:04:04 [notice] 22564#9840: create thread 23340
2024/09/23 10:04:04 [notice] 22564#9840: create thread 23340
2024/09/23 10:04:04 [notice] 37576#29856: exiting
2024/09/23 10:04:04 [notice] 37576#29856: exiting
2024/09/23 10:04:04 [notice] 37576#8972: exit
2024/09/23 10:04:04 [notice] 37576#8972: exit
2024/09/23 10:04:04 [notice] 32020#2328: worker process 37576 exited with code 0
2024/09/23 10:04:04 [notice] 32020#2328: worker process 37576 exited with code 0
2024/09/23 10:04:07 [info] 22564#40540: *107 SSL_do_handshake() failed (SSL: error:0A000416:SSL routines::sslv3 alert certificate unknown:SSL alert number 46) while SSL handshaking, client: 192.168.1.1, server: 0.0.0.0:443
2024/09/23 10:04:31 [info] 22564#40540: *111 SSL_do_handshake() failed (SSL: error:0A000416:SSL routines::sslv3 alert certificate unknown:SSL alert number 46) while SSL handshaking, client: 192.168.1.1, server: 0.0.0.0:443
2024/09/23 10:04:35 [error] 22564#40540: *112 upstream prematurely closed connection while reading response header from upstream, client: 192.168.1.1, server: norbinet.asuscomm.com, request: "GET /wss HTTP/1.1", upstream: "https://100.69.13.101:8080/", host: "norbinet.asuscomm.com"
2024/09/23 10:04:35 [error] 22564#40540: *112 upstream prematurely closed connection while reading response header from upstream, client: 192.168.1.1, server: norbinet.asuscomm.com, request: "GET /wss HTTP/1.1", upstream: "https://100.69.13.101:8080/", host: "norbinet.asuscomm.com"
2024/09/23 10:04:35 [error] 22564#40540: *112 upstream prematurely closed connection while reading response header from upstream, client: 192.168.1.1, server: norbinet.asuscomm.com, request: "GET /wss HTTP/1.1", upstream: "https://100.69.13.101:8080/", host: "norbinet.asuscomm.com"
2024/09/23 10:04:35 [info] 22564#40540: *112 client 192.168.1.1 closed keepalive connection
2024/09/23 10:24:47 [info] 22564#40540: *114 SSL_do_handshake() failed (SSL: error:0A000416:SSL routines::sslv3 alert certificate unknown:SSL alert number 46) while SSL handshaking, client: 192.168.1.1, server: 0.0.0.0:443
2024/09/23 10:25:25 [info] 22564#40540: *116 SSL_do_handshake() failed (SSL: error:0A000416:SSL routines::sslv3 alert certificate unknown:SSL alert number 46) while SSL handshaking, client: 192.168.1.1, server: 0.0.0.0:443
2024/09/23 10:25:25 [info] 22564#40540: *117 SSL_do_handshake() failed (SSL: error:0A000416:SSL routines::sslv3 alert certificate unknown:SSL alert number 46) while SSL handshaking, client: 192.168.1.1, server: 0.0.0.0:443
2024/09/23 10:25:30 [info] 22564#40540: *118 SSL_do_handshake() failed (SSL: error:0A000416:SSL routines::sslv3 alert certificate unknown:SSL alert number 46) while SSL handshaking, client: 192.168.1.1, server: 0.0.0.0:443
2024/09/23 10:25:30 [info] 22564#40540: *120 SSL_do_handshake() failed (SSL: error:0A000416:SSL routines::sslv3 alert certificate unknown:SSL alert number 46) while SSL handshaking, client: 192.168.1.1, server: 0.0.0.0:443
2024/09/23 10:25:30 [info] 22564#40540: *121 SSL_do_handshake() failed (SSL: error:0A000416:SSL routines::sslv3 alert certificate unknown:SSL alert number 46) while SSL handshaking, client: 192.168.1.1, server: 0.0.0.0:443
2024/09/23 10:25:30 [info] 22564#40540: *123 SSL_do_handshake() failed (SSL: error:0A000416:SSL routines::sslv3 alert certificate unknown:SSL alert number 46) while SSL handshaking, client: 192.168.1.1, server: 0.0.0.0:443
2024/09/23 10:25:44 [info] 22564#40540: *125 SSL_do_handshake() failed (SSL: error:0A000416:SSL routines::sslv3 alert certificate unknown:SSL alert number 46) while SSL handshaking, client: 192.168.1.1, server: 0.0.0.0:443
2024/09/23 10:25:44 [error] 22564#40540: *126 upstream prematurely closed connection while reading response header from upstream, client: 192.168.1.1, server: norbinet.asuscomm.com, request: "GET /wss HTTP/1.1", upstream: "https://100.69.13.101:8080/", host: "norbinet.asuscomm.com"
2024/09/23 10:25:44 [error] 22564#40540: *126 upstream prematurely closed connection while reading response header from upstream, client: 192.168.1.1, server: norbinet.asuscomm.com, request: "GET /wss HTTP/1.1", upstream: "https://100.69.13.101:8080/", host: "norbinet.asuscomm.com"
2024/09/23 10:25:44 [error] 22564#40540: *126 upstream prematurely closed connection while reading response header from upstream, client: 192.168.1.1, server: norbinet.asuscomm.com, request: "GET /wss HTTP/1.1", upstream: "https://100.69.13.101:8080/", host: "norbinet.asuscomm.com"
2024/09/23 10:25:44 [info] 22564#40540: *126 client 192.168.1.1 closed keepalive connection
2024/09/23 10:26:02 [notice] 11992#27352: signal process started
2024/09/23 10:26:02 [notice] 32020#2328: exiting
2024/09/23 10:26:02 [notice] 32020#2328: exiting
2024/09/23 10:26:02 [notice] 22564#9840: gracefully shutting down
2024/09/23 10:26:02 [notice] 22564#9840: gracefully shutting down
2024/09/23 10:26:02 [notice] 22564#33732: exiting
2024/09/23 10:26:02 [notice] 22564#33732: exiting
2024/09/23 10:26:02 [notice] 22564#40540: exiting
2024/09/23 10:26:02 [notice] 22564#40540: exiting
2024/09/23 10:26:02 [notice] 22564#9840: exit
2024/09/23 10:26:02 [notice] 22564#9840: exit
2024/09/23 10:26:02 [notice] 32020#2328: worker process 22564 exited with code 0
2024/09/23 10:26:02 [notice] 32020#2328: worker process 22564 exited with code 0
2024/09/23 10:26:02 [notice] 32020#2328: exit
2024/09/23 10:26:02 [notice] 32020#2328: exit
2024/09/23 13:45:30 [notice] 1072#4128: using the "select" event method
2024/09/23 13:45:30 [notice] 1072#4128: using the "select" event method
2024/09/23 13:45:30 [notice] 1072#4128: nginx/1.26.2
2024/09/23 13:45:30 [notice] 1072#4128: nginx/1.26.2
2024/09/23 13:45:30 [info] 1072#4128: OS: 260200 build:9200, "", suite:100, type:1
2024/09/23 13:45:30 [notice] 1072#4128: start worker processes
2024/09/23 13:45:30 [notice] 1072#4128: start worker processes
2024/09/23 13:45:30 [notice] 1072#4128: start worker process 26108
2024/09/23 13:45:30 [notice] 1072#4128: start worker process 26108
2024/09/23 13:45:30 [notice] 26108#14780: nginx/1.26.2
2024/09/23 13:45:30 [notice] 26108#14780: nginx/1.26.2
2024/09/23 13:45:30 [info] 26108#14780: OS: 260200 build:9200, "", suite:100, type:1
2024/09/23 13:45:30 [notice] 26108#14780: create thread 14472
2024/09/23 13:45:30 [notice] 26108#14780: create thread 14472
2024/09/23 13:45:30 [notice] 26108#14780: create thread 39856
2024/09/23 13:45:30 [notice] 26108#14780: create thread 39856
2024/09/23 13:45:30 [notice] 26108#14780: create thread 36456
2024/09/23 13:45:30 [notice] 26108#14780: create thread 36456
2024/09/23 13:45:43 [notice] 5296#28508: signal process started
2024/09/23 13:45:43 [notice] 1072#4128: exiting
2024/09/23 13:45:43 [notice] 1072#4128: exiting
2024/09/23 13:45:43 [notice] 26108#14780: gracefully shutting down
2024/09/23 13:45:43 [notice] 26108#14780: gracefully shutting down
2024/09/23 13:45:43 [notice] 26108#39856: exiting
2024/09/23 13:45:43 [notice] 26108#39856: exiting
2024/09/23 13:45:43 [notice] 26108#14472: exiting
2024/09/23 13:45:43 [notice] 26108#14472: exiting
2024/09/23 13:45:43 [notice] 26108#14780: exit
2024/09/23 13:45:43 [notice] 26108#14780: exit
2024/09/23 13:45:43 [notice] 1072#4128: worker process 26108 exited with code 0
2024/09/23 13:45:43 [notice] 1072#4128: worker process 26108 exited with code 0
2024/09/23 13:45:43 [notice] 1072#4128: exit
2024/09/23 13:45:43 [notice] 1072#4128: exit
2024/09/23 13:45:44 [notice] 19420#10612: signal process started
2024/09/23 13:45:44 [error] 19420#10612: CreateFile() "G:\Documents\Projects\HTTPServer\web/logs/nginx.pid" failed (2: The system cannot find the file specified)
2024/09/23 13:45:47 [notice] 27484#16420: using the "select" event method
2024/09/23 13:45:47 [notice] 27484#16420: using the "select" event method
2024/09/23 13:45:47 [notice] 27484#16420: nginx/1.26.2
2024/09/23 13:45:47 [notice] 27484#16420: nginx/1.26.2
2024/09/23 13:45:47 [info] 27484#16420: OS: 260200 build:9200, "", suite:100, type:1
2024/09/23 13:45:47 [notice] 27484#16420: start worker processes
2024/09/23 13:45:47 [notice] 27484#16420: start worker processes
2024/09/23 13:45:47 [notice] 27484#16420: start worker process 25008
2024/09/23 13:45:47 [notice] 27484#16420: start worker process 25008
2024/09/23 13:45:47 [notice] 25008#24724: nginx/1.26.2
2024/09/23 13:45:47 [notice] 25008#24724: nginx/1.26.2
2024/09/23 13:45:47 [info] 25008#24724: OS: 260200 build:9200, "", suite:100, type:1
2024/09/23 13:45:47 [notice] 25008#24724: create thread 32916
2024/09/23 13:45:47 [notice] 25008#24724: create thread 32916
2024/09/23 13:45:47 [notice] 25008#24724: create thread 34472
2024/09/23 13:45:47 [notice] 25008#24724: create thread 34472
2024/09/23 13:45:47 [notice] 25008#24724: create thread 9760
2024/09/23 13:45:47 [notice] 25008#24724: create thread 9760
2024/09/23 13:45:50 [info] 25008#32916: *1 SSL_do_handshake() failed (SSL: error:0A000416:SSL routines::sslv3 alert certificate unknown:SSL alert number 46) while SSL handshaking, client: 192.168.1.1, server: 0.0.0.0:443
2024/09/23 13:45:50 [info] 25008#32916: *3 SSL_do_handshake() failed (SSL: error:0A000416:SSL routines::sslv3 alert certificate unknown:SSL alert number 46) while SSL handshaking, client: 192.168.1.1, server: 0.0.0.0:443
2024/09/23 13:45:50 [info] 25008#32916: *4 SSL_do_handshake() failed (SSL: error:0A000416:SSL routines::sslv3 alert certificate unknown:SSL alert number 46) while SSL handshaking, client: 192.168.1.1, server: 0.0.0.0:443
2024/09/23 13:46:16 [error] 25008#32916: *2 connect() failed (10060: A connection attempt failed because the connected party did not properly respond after a period of time, or established connection failed because connected host has failed to respond) while connecting to upstream, client: 192.168.1.1, server: norbinet.asuscomm.com, request: "POST /api/login HTTP/1.1", upstream: "https://100.69.13.101:8080/login", host: "norbinet.asuscomm.com", referrer: "https://norbinet.asuscomm.com/"
2024/09/23 13:46:16 [error] 25008#32916: *2 connect() failed (10060: A connection attempt failed because the connected party did not properly respond after a period of time, or established connection failed because connected host has failed to respond) while connecting to upstream, client: 192.168.1.1, server: norbinet.asuscomm.com, request: "POST /api/login HTTP/1.1", upstream: "https://100.69.13.101:8080/login", host: "norbinet.asuscomm.com", referrer: "https://norbinet.asuscomm.com/"
2024/09/23 13:46:16 [error] 25008#32916: *2 connect() failed (10060: A connection attempt failed because the connected party did not properly respond after a period of time, or established connection failed because connected host has failed to respond) while connecting to upstream, client: 192.168.1.1, server: norbinet.asuscomm.com, request: "POST /api/login HTTP/1.1", upstream: "https://100.69.13.101:8080/login", host: "norbinet.asuscomm.com", referrer: "https://norbinet.asuscomm.com/"
2024/09/23 13:46:35 [info] 25008#32916: *10 SSL_do_handshake() failed (SSL: error:0A000416:SSL routines::sslv3 alert certificate unknown:SSL alert number 46) while SSL handshaking, client: 192.168.1.1, server: 0.0.0.0:443
2024/09/23 13:46:36 [error] 25008#32916: *11 upstream prematurely closed connection while reading response header from upstream, client: 192.168.1.1, server: norbinet.asuscomm.com, request: "GET /wss HTTP/1.1", upstream: "https://100.69.13.101:8080/", host: "norbinet.asuscomm.com"
2024/09/23 13:46:36 [error] 25008#32916: *11 upstream prematurely closed connection while reading response header from upstream, client: 192.168.1.1, server: norbinet.asuscomm.com, request: "GET /wss HTTP/1.1", upstream: "https://100.69.13.101:8080/", host: "norbinet.asuscomm.com"
2024/09/23 13:46:36 [error] 25008#32916: *11 upstream prematurely closed connection while reading response header from upstream, client: 192.168.1.1, server: norbinet.asuscomm.com, request: "GET /wss HTTP/1.1", upstream: "https://100.69.13.101:8080/", host: "norbinet.asuscomm.com"
2024/09/23 13:46:36 [info] 25008#32916: *11 client 192.168.1.1 closed keepalive connection
2024/09/23 13:47:03 [info] 25008#32916: *13 SSL_do_handshake() failed (SSL: error:0A000416:SSL routines::sslv3 alert certificate unknown:SSL alert number 46) while SSL handshaking, client: 192.168.1.1, server: 0.0.0.0:443
2024/09/23 13:50:30 [notice] 17168#8148: signal process started
2024/09/23 13:50:30 [notice] 27484#16420: reconfiguring
2024/09/23 13:50:30 [notice] 27484#16420: reconfiguring
2024/09/23 13:50:30 [notice] 27484#16420: using the "select" event method
2024/09/23 13:50:30 [notice] 27484#16420: using the "select" event method
2024/09/23 13:50:30 [notice] 27484#16420: start worker processes
2024/09/23 13:50:30 [notice] 27484#16420: start worker processes
2024/09/23 13:50:30 [notice] 27484#16420: start worker process 6968
2024/09/23 13:50:30 [notice] 27484#16420: start worker process 6968
2024/09/23 13:50:30 [notice] 6968#20452: nginx/1.26.2
2024/09/23 13:50:30 [notice] 6968#20452: nginx/1.26.2
2024/09/23 13:50:30 [info] 6968#20452: OS: 260200 build:9200, "", suite:100, type:1
2024/09/23 13:50:30 [notice] 6968#20452: create thread 6652
2024/09/23 13:50:30 [notice] 25008#24724: gracefully shutting down
2024/09/23 13:50:30 [notice] 6968#20452: create thread 6652
2024/09/23 13:50:30 [notice] 25008#24724: gracefully shutting down
2024/09/23 13:50:30 [notice] 25008#34472: exiting
2024/09/23 13:50:30 [notice] 25008#34472: exiting
2024/09/23 13:50:30 [notice] 6968#20452: create thread 37584
2024/09/23 13:50:30 [notice] 6968#20452: create thread 37584
2024/09/23 13:50:30 [notice] 6968#20452: create thread 21260
2024/09/23 13:50:30 [notice] 6968#20452: create thread 21260
2024/09/23 13:50:31 [notice] 25008#32916: exiting
2024/09/23 13:50:31 [notice] 25008#32916: exiting
2024/09/23 13:50:31 [notice] 25008#24724: exit
2024/09/23 13:50:31 [notice] 25008#24724: exit
2024/09/23 13:50:31 [notice] 27484#16420: worker process 25008 exited with code 0
2024/09/23 13:50:31 [notice] 27484#16420: worker process 25008 exited with code 0
2024/09/23 13:50:38 [notice] 8196#32188: signal process started
2024/09/23 13:50:38 [notice] 27484#16420: reopening logs
2024/09/23 13:50:38 [notice] 27484#16420: reopening logs
2024/09/23 13:50:38 [notice] 6968#20452: reopening logs
2024/09/23 13:50:38 [notice] 6968#20452: reopening logs
2024/09/23 13:50:42 [info] 6968#6652: *14 SSL_do_handshake() failed (SSL: error:0A000416:SSL routines::sslv3 alert certificate unknown:SSL alert number 46) while SSL handshaking, client: 192.168.1.1, server: 0.0.0.0:443
2024/09/23 13:50:49 [info] 6968#6652: *16 SSL_do_handshake() failed (SSL: error:0A000416:SSL routines::sslv3 alert certificate unknown:SSL alert number 46) while SSL handshaking, client: 192.168.1.1, server: 0.0.0.0:443
2024/09/23 13:50:49 [error] 6968#6652: *17 upstream prematurely closed connection while reading response header from upstream, client: 192.168.1.1, server: norbinet.asuscomm.com, request: "GET /wss HTTP/1.1", upstream: "https://100.69.13.101:8080/", host: "norbinet.asuscomm.com"
2024/09/23 13:50:49 [error] 6968#6652: *17 upstream prematurely closed connection while reading response header from upstream, client: 192.168.1.1, server: norbinet.asuscomm.com, request: "GET /wss HTTP/1.1", upstream: "https://100.69.13.101:8080/", host: "norbinet.asuscomm.com"
2024/09/23 13:50:49 [error] 6968#6652: *17 upstream prematurely closed connection while reading response header from upstream, client: 192.168.1.1, server: norbinet.asuscomm.com, request: "GET /wss HTTP/1.1", upstream: "https://100.69.13.101:8080/", host: "norbinet.asuscomm.com"
2024/09/23 13:50:49 [info] 6968#6652: *17 client 192.168.1.1 closed keepalive connection
2024/09/23 14:44:16 [notice] 14588#10552: signal process started
2024/09/23 14:44:16 [notice] 27484#16420: exiting
2024/09/23 14:44:16 [notice] 27484#16420: exiting
2024/09/23 14:44:16 [notice] 6968#20452: gracefully shutting down
2024/09/23 14:44:16 [notice] 6968#20452: gracefully shutting down
2024/09/23 14:44:16 [notice] 6968#37584: exiting
2024/09/23 14:44:16 [notice] 6968#37584: exiting
2024/09/23 14:44:16 [notice] 6968#6652: exiting
2024/09/23 14:44:16 [notice] 6968#6652: exiting
2024/09/23 14:44:16 [notice] 6968#20452: exit
2024/09/23 14:44:16 [notice] 6968#20452: exit
2024/09/23 14:44:16 [notice] 27484#16420: worker process 6968 exited with code 0
2024/09/23 14:44:16 [notice] 27484#16420: worker process 6968 exited with code 0
2024/09/23 14:44:16 [notice] 27484#16420: exit
2024/09/23 14:44:16 [notice] 27484#16420: exit
2024/09/23 18:54:27 [notice] 10512#13720: using the "select" event method
2024/09/23 18:54:27 [notice] 10512#13720: using the "select" event method
2024/09/23 18:54:27 [notice] 10512#13720: nginx/1.26.2
2024/09/23 18:54:27 [notice] 10512#13720: nginx/1.26.2
2024/09/23 18:54:27 [info] 10512#13720: OS: 260200 build:9200, "", suite:100, type:1
2024/09/23 18:54:27 [notice] 10512#13720: start worker processes
2024/09/23 18:54:27 [notice] 10512#13720: start worker processes
2024/09/23 18:54:27 [notice] 10512#13720: start worker process 15552
2024/09/23 18:54:27 [notice] 10512#13720: start worker process 15552
2024/09/23 18:54:27 [notice] 15552#24188: nginx/1.26.2
2024/09/23 18:54:27 [notice] 15552#24188: nginx/1.26.2
2024/09/23 18:54:27 [info] 15552#24188: OS: 260200 build:9200, "", suite:100, type:1
2024/09/23 18:54:27 [notice] 15552#24188: create thread 37996
2024/09/23 18:54:27 [notice] 15552#24188: create thread 37996
2024/09/23 18:54:27 [notice] 15552#24188: create thread 1228
2024/09/23 18:54:27 [notice] 15552#24188: create thread 1228
2024/09/23 18:54:27 [notice] 15552#24188: create thread 28544
2024/09/23 18:54:27 [notice] 15552#24188: create thread 28544
2024/09/23 18:54:43 [info] 15552#37996: *1 SSL_do_handshake() failed (SSL: error:0A000416:SSL routines::sslv3 alert certificate unknown:SSL alert number 46) while SSL handshaking, client: 192.168.1.1, server: 0.0.0.0:443
2024/09/23 18:54:43 [info] 15552#37996: *3 SSL_do_handshake() failed (SSL: error:0A000416:SSL routines::sslv3 alert certificate unknown:SSL alert number 46) while SSL handshaking, client: 192.168.1.1, server: 0.0.0.0:443
2024/09/23 18:54:43 [info] 15552#37996: *4 SSL_do_handshake() failed (SSL: error:0A000416:SSL routines::sslv3 alert certificate unknown:SSL alert number 46) while SSL handshaking, client: 192.168.1.1, server: 0.0.0.0:443
2024/09/23 18:54:43 [info] 15552#37996: *6 SSL_do_handshake() failed (SSL: error:0A000416:SSL routines::sslv3 alert certificate unknown:SSL alert number 46) while SSL handshaking, client: 192.168.1.1, server: 0.0.0.0:443
2024/09/23 18:54:43 [error] 15552#37996: *5 CreateFile() "G:\Documents\Projects\HTTPServer\web/html/favicon.ico" failed (2: The system cannot find the file specified), client: 192.168.1.1, server: norbinet.asuscomm.com, request: "GET /favicon.ico HTTP/1.1", host: "norbinet.asuscomm.com", referrer: "https://norbinet.asuscomm.com/"
2024/09/23 18:54:43 [error] 15552#37996: *5 CreateFile() "G:\Documents\Projects\HTTPServer\web/html/favicon.ico" failed (2: The system cannot find the file specified), client: 192.168.1.1, server: norbinet.asuscomm.com, request: "GET /favicon.ico HTTP/1.1", host: "norbinet.asuscomm.com", referrer: "https://norbinet.asuscomm.com/"
2024/09/23 18:54:43 [error] 15552#37996: *5 CreateFile() "G:\Documents\Projects\HTTPServer\web/html/favicon.ico" failed (2: The system cannot find the file specified), client: 192.168.1.1, server: norbinet.asuscomm.com, request: "GET /favicon.ico HTTP/1.1", host: "norbinet.asuscomm.com", referrer: "https://norbinet.asuscomm.com/"
2024/09/23 18:55:08 [error] 15552#37996: *5 connect() failed (10060: A connection attempt failed because the connected party did not properly respond after a period of time, or established connection failed because connected host has failed to respond) while connecting to upstream, client: 192.168.1.1, server: norbinet.asuscomm.com, request: "POST /api/login HTTP/1.1", upstream: "https://100.69.13.101:8080/login", host: "norbinet.asuscomm.com", referrer: "https://norbinet.asuscomm.com/"
2024/09/23 18:55:08 [error] 15552#37996: *5 connect() failed (10060: A connection attempt failed because the connected party did not properly respond after a period of time, or established connection failed because connected host has failed to respond) while connecting to upstream, client: 192.168.1.1, server: norbinet.asuscomm.com, request: "POST /api/login HTTP/1.1", upstream: "https://100.69.13.101:8080/login", host: "norbinet.asuscomm.com", referrer: "https://norbinet.asuscomm.com/"
2024/09/23 18:55:08 [error] 15552#37996: *5 connect() failed (10060: A connection attempt failed because the connected party did not properly respond after a period of time, or established connection failed because connected host has failed to respond) while connecting to upstream, client: 192.168.1.1, server: norbinet.asuscomm.com, request: "POST /api/login HTTP/1.1", upstream: "https://100.69.13.101:8080/login", host: "norbinet.asuscomm.com", referrer: "https://norbinet.asuscomm.com/"
2024/09/23 18:55:23 [info] 15552#37996: *9 SSL_do_handshake() failed (SSL: error:0A000416:SSL routines::sslv3 alert certificate unknown:SSL alert number 46) while SSL handshaking, client: 192.168.1.1, server: 0.0.0.0:443
2024/09/23 18:55:23 [error] 15552#37996: *10 upstream prematurely closed connection while reading response header from upstream, client: 192.168.1.1, server: norbinet.asuscomm.com, request: "GET /wss HTTP/1.1", upstream: "https://100.69.13.101:8080/", host: "norbinet.asuscomm.com"
2024/09/23 18:55:23 [error] 15552#37996: *10 upstream prematurely closed connection while reading response header from upstream, client: 192.168.1.1, server: norbinet.asuscomm.com, request: "GET /wss HTTP/1.1", upstream: "https://100.69.13.101:8080/", host: "norbinet.asuscomm.com"
2024/09/23 18:55:23 [error] 15552#37996: *10 upstream prematurely closed connection while reading response header from upstream, client: 192.168.1.1, server: norbinet.asuscomm.com, request: "GET /wss HTTP/1.1", upstream: "https://100.69.13.101:8080/", host: "norbinet.asuscomm.com"
2024/09/23 18:55:23 [info] 15552#37996: *10 client 192.168.1.1 closed keepalive connection
2024/09/23 19:01:23 [info] 15552#37996: *12 SSL_do_handshake() failed (SSL: error:0A000416:SSL routines::sslv3 alert certificate unknown:SSL alert number 46) while SSL handshaking, client: 192.168.1.1, server: 0.0.0.0:443
2024/09/23 19:01:24 [info] 15552#37996: *14 SSL_do_handshake() failed (SSL: error:0A000416:SSL routines::sslv3 alert certificate unknown:SSL alert number 46) while SSL handshaking, client: 192.168.1.1, server: 0.0.0.0:443
2024/09/23 19:02:27 [notice] 11696#25964: using the "select" event method
2024/09/23 19:02:27 [notice] 11696#25964: using the "select" event method
2024/09/23 19:02:27 [notice] 11696#25964: nginx/1.26.2
2024/09/23 19:02:27 [notice] 11696#25964: nginx/1.26.2
2024/09/23 19:02:27 [info] 11696#25964: OS: 260200 build:9200, "", suite:100, type:1
2024/09/23 19:02:27 [notice] 11696#25964: start worker processes
2024/09/23 19:02:27 [notice] 11696#25964: start worker processes
2024/09/23 19:02:27 [notice] 11696#25964: start worker process 37112
2024/09/23 19:02:27 [notice] 11696#25964: start worker process 37112
2024/09/23 19:02:27 [notice] 37112#40936: nginx/1.26.2
2024/09/23 19:02:27 [notice] 37112#40936: nginx/1.26.2
2024/09/23 19:02:27 [info] 37112#40936: OS: 260200 build:9200, "", suite:100, type:1
2024/09/23 19:02:27 [notice] 37112#40936: create thread 39476
2024/09/23 19:02:27 [notice] 37112#40936: create thread 39476
2024/09/23 19:02:27 [notice] 37112#40936: create thread 21404
2024/09/23 19:02:27 [notice] 37112#40936: create thread 21404
2024/09/23 19:02:27 [notice] 37112#40936: create thread 35452
2024/09/23 19:02:27 [notice] 37112#40936: create thread 35452
2024/09/23 19:03:35 [info] 37112#39476: *1 SSL_do_handshake() failed (SSL: error:0A000416:SSL routines::sslv3 alert certificate unknown:SSL alert number 46) while SSL handshaking, client: 192.168.1.1, server: 0.0.0.0:443
2024/09/23 19:03:37 [info] 37112#39476: *3 SSL_do_handshake() failed (SSL: error:0A000416:SSL routines::sslv3 alert certificate unknown:SSL alert number 46) while SSL handshaking, client: 192.168.1.1, server: 0.0.0.0:443
2024/09/23 19:04:13 [info] 37112#39476: *6 SSL_do_handshake() failed (SSL: error:0A000416:SSL routines::sslv3 alert certificate unknown:SSL alert number 46) while SSL handshaking, client: 192.168.1.1, server: 0.0.0.0:443
2024/09/23 19:04:13 [error] 37112#39476: *7 upstream prematurely closed connection while reading response header from upstream, client: 192.168.1.1, server: norbinet.asuscomm.com, request: "GET /wss HTTP/1.1", upstream: "https://100.69.13.101:8080/", host: "norbinet.asuscomm.com"
2024/09/23 19:04:13 [error] 37112#39476: *7 upstream prematurely closed connection while reading response header from upstream, client: 192.168.1.1, server: norbinet.asuscomm.com, request: "GET /wss HTTP/1.1", upstream: "https://100.69.13.101:8080/", host: "norbinet.asuscomm.com"
2024/09/23 19:04:13 [error] 37112#39476: *7 upstream prematurely closed connection while reading response header from upstream, client: 192.168.1.1, server: norbinet.asuscomm.com, request: "GET /wss HTTP/1.1", upstream: "https://100.69.13.101:8080/", host: "norbinet.asuscomm.com"
2024/09/23 19:04:13 [info] 37112#39476: *7 client 192.168.1.1 closed keepalive connection
2024/09/23 19:04:17 [info] 37112#39476: *9 SSL_do_handshake() failed (SSL: error:0A000416:SSL routines::sslv3 alert certificate unknown:SSL alert number 46) while SSL handshaking, client: 192.168.1.1, server: 0.0.0.0:443
2024/09/23 19:04:17 [error] 37112#39476: *10 upstream prematurely closed connection while reading response header from upstream, client: 192.168.1.1, server: norbinet.asuscomm.com, request: "GET /wss HTTP/1.1", upstream: "https://100.69.13.101:8080/", host: "norbinet.asuscomm.com"
2024/09/23 19:04:17 [error] 37112#39476: *10 upstream prematurely closed connection while reading response header from upstream, client: 192.168.1.1, server: norbinet.asuscomm.com, request: "GET /wss HTTP/1.1", upstream: "https://100.69.13.101:8080/", host: "norbinet.asuscomm.com"
2024/09/23 19:04:17 [error] 37112#39476: *10 upstream prematurely closed connection while reading response header from upstream, client: 192.168.1.1, server: norbinet.asuscomm.com, request: "GET /wss HTTP/1.1", upstream: "https://100.69.13.101:8080/", host: "norbinet.asuscomm.com"
2024/09/23 19:04:17 [info] 37112#39476: *10 client 192.168.1.1 closed keepalive connection
2024/09/23 19:04:51 [info] 37112#39476: *12 SSL_do_handshake() failed (SSL: error:0A000416:SSL routines::sslv3 alert certificate unknown:SSL alert number 46) while SSL handshaking, client: 192.168.1.1, server: 0.0.0.0:443
2024/09/23 19:12:30 [notice] 34188#34336: signal process started
2024/09/23 19:12:30 [notice] 11696#25964: reconfiguring
2024/09/23 19:12:30 [notice] 11696#25964: reconfiguring
2024/09/23 19:12:30 [notice] 11696#25964: using the "select" event method
2024/09/23 19:12:30 [notice] 11696#25964: using the "select" event method
2024/09/23 19:12:30 [notice] 11696#25964: start worker processes
2024/09/23 19:12:30 [notice] 11696#25964: start worker processes
2024/09/23 19:12:30 [notice] 11696#25964: start worker process 29580
2024/09/23 19:12:30 [notice] 11696#25964: start worker process 29580
2024/09/23 19:12:30 [notice] 29580#20912: nginx/1.26.2
2024/09/23 19:12:30 [notice] 29580#20912: nginx/1.26.2
2024/09/23 19:12:30 [info] 29580#20912: OS: 260200 build:9200, "", suite:100, type:1
2024/09/23 19:12:30 [notice] 37112#40936: gracefully shutting down
2024/09/23 19:12:30 [notice] 37112#40936: gracefully shutting down
2024/09/23 19:12:30 [notice] 29580#20912: create thread 18204
2024/09/23 19:12:30 [notice] 29580#20912: create thread 18204
2024/09/23 19:12:30 [notice] 37112#21404: exiting
2024/09/23 19:12:30 [notice] 37112#21404: exiting
2024/09/23 19:12:30 [notice] 29580#20912: create thread 18024
2024/09/23 19:12:30 [notice] 29580#20912: create thread 18024
2024/09/23 19:12:30 [notice] 29580#20912: create thread 2260
2024/09/23 19:12:30 [notice] 29580#20912: create thread 2260
2024/09/23 19:12:30 [notice] 37112#39476: exiting
2024/09/23 19:12:30 [notice] 37112#39476: exiting
2024/09/23 19:12:30 [notice] 37112#40936: exit
2024/09/23 19:12:30 [notice] 37112#40936: exit
2024/09/23 19:12:30 [notice] 11696#25964: worker process 37112 exited with code 0
2024/09/23 19:12:30 [notice] 11696#25964: worker process 37112 exited with code 0
2024/09/23 19:12:38 [info] 29580#18204: *16 SSL_do_handshake() failed (SSL: error:0A000416:SSL routines::sslv3 alert certificate unknown:SSL alert number 46) while SSL handshaking, client: 192.168.1.1, server: 0.0.0.0:443
2024/09/23 19:12:38 [error] 29580#18204: *17 upstream prematurely closed connection while reading response header from upstream, client: 192.168.1.1, server: norbinet.asuscomm.com, request: "GET /wss HTTP/1.1", upstream: "https://100.69.13.101:8080/", host: "norbinet.asuscomm.com"
2024/09/23 19:12:38 [error] 29580#18204: *17 upstream prematurely closed connection while reading response header from upstream, client: 192.168.1.1, server: norbinet.asuscomm.com, request: "GET /wss HTTP/1.1", upstream: "https://100.69.13.101:8080/", host: "norbinet.asuscomm.com"
2024/09/23 19:12:38 [error] 29580#18204: *17 upstream prematurely closed connection while reading response header from upstream, client: 192.168.1.1, server: norbinet.asuscomm.com, request: "GET /wss HTTP/1.1", upstream: "https://100.69.13.101:8080/", host: "norbinet.asuscomm.com"
2024/09/23 19:12:38 [info] 29580#18204: *17 client 192.168.1.1 closed keepalive connection
2024/09/23 19:13:55 [notice] 13080#13224: signal process started
2024/09/23 19:13:55 [notice] 11696#25964: reconfiguring
2024/09/23 19:13:55 [notice] 11696#25964: reconfiguring
2024/09/23 19:13:55 [notice] 11696#25964: using the "select" event method
2024/09/23 19:13:55 [notice] 11696#25964: using the "select" event method
2024/09/23 19:13:55 [notice] 11696#25964: start worker processes
2024/09/23 19:13:55 [notice] 11696#25964: start worker processes
2024/09/23 19:13:55 [notice] 11696#25964: start worker process 13640
2024/09/23 19:13:55 [notice] 11696#25964: start worker process 13640
2024/09/23 19:13:55 [notice] 13640#13780: nginx/1.26.2
2024/09/23 19:13:55 [notice] 13640#13780: nginx/1.26.2
2024/09/23 19:13:55 [info] 13640#13780: OS: 260200 build:9200, "", suite:100, type:1
2024/09/23 19:13:55 [notice] 29580#20912: gracefully shutting down
2024/09/23 19:13:55 [notice] 13640#13780: create thread 21480
2024/09/23 19:13:55 [notice] 29580#20912: gracefully shutting down
2024/09/23 19:13:55 [notice] 13640#13780: create thread 21480
2024/09/23 19:13:55 [notice] 29580#18024: exiting
2024/09/23 19:13:55 [notice] 29580#18024: exiting
2024/09/23 19:13:55 [notice] 13640#13780: create thread 30120
2024/09/23 19:13:55 [notice] 13640#13780: create thread 30120
2024/09/23 19:13:55 [notice] 13640#13780: create thread 37696
2024/09/23 19:13:55 [notice] 13640#13780: create thread 37696
2024/09/23 19:13:55 [notice] 29580#18204: exiting
2024/09/23 19:13:55 [notice] 29580#18204: exiting
2024/09/23 19:13:55 [notice] 29580#20912: exit
2024/09/23 19:13:55 [notice] 29580#20912: exit
2024/09/23 19:13:55 [notice] 11696#25964: worker process 29580 exited with code 0
2024/09/23 19:13:55 [notice] 11696#25964: worker process 29580 exited with code 0
2024/09/23 19:13:58 [info] 13640#21480: *19 SSL_do_handshake() failed (SSL: error:0A000416:SSL routines::sslv3 alert certificate unknown:SSL alert number 46) while SSL handshaking, client: 192.168.1.1, server: 0.0.0.0:443
2024/09/23 19:14:00 [info] 13640#21480: *21 SSL_do_handshake() failed (SSL: error:0A000416:SSL routines::sslv3 alert certificate unknown:SSL alert number 46) while SSL handshaking, client: 192.168.1.1, server: 0.0.0.0:443
2024/09/23 19:14:00 [error] 13640#21480: *22 upstream prematurely closed connection while reading response header from upstream, client: 192.168.1.1, server: norbinet.asuscomm.com, request: "GET /wss HTTP/1.1", upstream: "https://100.69.13.101:8080/", host: "norbinet.asuscomm.com"
2024/09/23 19:14:00 [error] 13640#21480: *22 upstream prematurely closed connection while reading response header from upstream, client: 192.168.1.1, server: norbinet.asuscomm.com, request: "GET /wss HTTP/1.1", upstream: "https://100.69.13.101:8080/", host: "norbinet.asuscomm.com"
2024/09/23 19:14:00 [error] 13640#21480: *22 upstream prematurely closed connection while reading response header from upstream, client: 192.168.1.1, server: norbinet.asuscomm.com, request: "GET /wss HTTP/1.1", upstream: "https://100.69.13.101:8080/", host: "norbinet.asuscomm.com"
2024/09/23 19:14:00 [info] 13640#21480: *22 client 192.168.1.1 closed keepalive connection
2024/09/23 19:14:07 [info] 13640#21480: *25 SSL_do_handshake() failed (SSL: error:0A000416:SSL routines::sslv3 alert certificate unknown:SSL alert number 46) while SSL handshaking, client: 192.168.1.1, server: 0.0.0.0:443
2024/09/23 19:14:07 [info] 13640#21480: *24 SSL_do_handshake() failed (SSL: error:0A000416:SSL routines::sslv3 alert certificate unknown:SSL alert number 46) while SSL handshaking, client: 192.168.1.1, server: 0.0.0.0:443
2024/09/23 19:14:07 [info] 13640#21480: *28 SSL_do_handshake() failed (SSL: error:0A000416:SSL routines::sslv3 alert certificate unknown:SSL alert number 46) while SSL handshaking, client: 192.168.1.1, server: 0.0.0.0:443
2024/09/23 19:14:07 [info] 13640#21480: *29 SSL_do_handshake() failed (SSL: error:0A000416:SSL routines::sslv3 alert certificate unknown:SSL alert number 46) while SSL handshaking, client: 192.168.1.1, server: 0.0.0.0:443
2024/09/23 19:14:24 [info] 13640#21480: *33 SSL_do_handshake() failed (SSL: error:0A000416:SSL routines::sslv3 alert certificate unknown:SSL alert number 46) while SSL handshaking, client: 192.168.1.1, server: 0.0.0.0:443
2024/09/23 19:14:24 [error] 13640#21480: *34 upstream prematurely closed connection while reading response header from upstream, client: 192.168.1.1, server: norbinet.asuscomm.com, request: "GET /wss HTTP/1.1", upstream: "https://100.69.13.101:8080/", host: "norbinet.asuscomm.com"
2024/09/23 19:14:24 [error] 13640#21480: *34 upstream prematurely closed connection while reading response header from upstream, client: 192.168.1.1, server: norbinet.asuscomm.com, request: "GET /wss HTTP/1.1", upstream: "https://100.69.13.101:8080/", host: "norbinet.asuscomm.com"
2024/09/23 19:14:24 [error] 13640#21480: *34 upstream prematurely closed connection while reading response header from upstream, client: 192.168.1.1, server: norbinet.asuscomm.com, request: "GET /wss HTTP/1.1", upstream: "https://100.69.13.101:8080/", host: "norbinet.asuscomm.com"
2024/09/23 19:14:24 [info] 13640#21480: *34 client 192.168.1.1 closed keepalive connection
2024/09/23 19:21:37 [info] 13640#21480: *36 SSL_do_handshake() failed (SSL: error:0A000416:SSL routines::sslv3 alert certificate unknown:SSL alert number 46) while SSL handshaking, client: 192.168.1.1, server: 0.0.0.0:443
2024/09/23 19:21:37 [info] 13640#21480: *38 SSL_do_handshake() failed (SSL: error:0A000416:SSL routines::sslv3 alert certificate unknown:SSL alert number 46) while SSL handshaking, client: 192.168.1.1, server: 0.0.0.0:443
2024/09/23 19:21:37 [info] 13640#21480: *39 SSL_do_handshake() failed (SSL: error:0A000416:SSL routines::sslv3 alert certificate unknown:SSL alert number 46) while SSL handshaking, client: 192.168.1.1, server: 0.0.0.0:443
2024/09/23 19:21:37 [info] 13640#21480: *42 SSL_do_handshake() failed (SSL: error:0A000416:SSL routines::sslv3 alert certificate unknown:SSL alert number 46) while SSL handshaking, client: 192.168.1.1, server: 0.0.0.0:443
2024/09/23 19:21:42 [info] 13640#21480: *43 SSL_do_handshake() failed (SSL: error:0A000416:SSL routines::sslv3 alert certificate unknown:SSL alert number 46) while SSL handshaking, client: 192.168.1.1, server: 0.0.0.0:443
2024/09/23 19:22:01 [info] 13640#21480: *44 client prematurely closed connection, so upstream connection is closed too while connecting to upstream, client: 192.168.1.1, server: norbinet.asuscomm.com, request: "GET /api/wss HTTP/1.1", upstream: "https://100.69.13.101:8080/wss", host: "norbinet.asuscomm.com"
2024/09/23 19:22:02 [info] 13640#21480: *46 SSL_do_handshake() failed (SSL: error:0A000416:SSL routines::sslv3 alert certificate unknown:SSL alert number 46) while SSL handshaking, client: 192.168.1.1, server: 0.0.0.0:443
2024/09/23 19:22:04 [info] 13640#21480: *48 SSL_do_handshake() failed (SSL: error:0A000416:SSL routines::sslv3 alert certificate unknown:SSL alert number 46) while SSL handshaking, client: 192.168.1.1, server: 0.0.0.0:443
2024/09/23 19:22:04 [info] 13640#21480: *49 client 192.168.1.1 closed keepalive connection
2024/09/23 19:24:23 [emerg] 34476#26224: invalid URL prefix in G:\Documents\Projects\HTTPServer\web/conf/nginx.conf:78
2024/09/23 19:24:32 [emerg] 28152#8324: invalid URL prefix in G:\Documents\Projects\HTTPServer\web/conf/nginx.conf:78
2024/09/23 19:25:29 [notice] 11568#14956: signal process started
2024/09/23 19:25:29 [notice] 11696#25964: reopening logs
2024/09/23 19:25:29 [notice] 11696#25964: reopening logs
2024/09/23 19:25:29 [notice] 13640#13780: reopening logs
2024/09/23 19:25:29 [notice] 13640#13780: reopening logs
2024/09/23 19:25:33 [info] 13640#21480: *51 SSL_do_handshake() failed (SSL: error:0A000416:SSL routines::sslv3 alert certificate unknown:SSL alert number 46) while SSL handshaking, client: 192.168.1.1, server: 0.0.0.0:443
2024/09/23 19:25:34 [info] 13640#21480: *52 SSL_do_handshake() failed (SSL: error:0A000416:SSL routines::sslv3 alert certificate unknown:SSL alert number 46) while SSL handshaking, client: 192.168.1.1, server: 0.0.0.0:443
2024/09/23 19:25:34 [info] 13640#21480: *54 SSL_do_handshake() failed (SSL: error:0A000416:SSL routines::sslv3 alert certificate unknown:SSL alert number 46) while SSL handshaking, client: 192.168.1.1, server: 0.0.0.0:443
2024/09/23 19:25:34 [info] 13640#21480: *55 SSL_do_handshake() failed (SSL: error:0A000416:SSL routines::sslv3 alert certificate unknown:SSL alert number 46) while SSL handshaking, client: 192.168.1.1, server: 0.0.0.0:443
2024/09/23 19:25:34 [info] 13640#21480: *57 SSL_do_handshake() failed (SSL: error:0A000416:SSL routines::sslv3 alert certificate unknown:SSL alert number 46) while SSL handshaking, client: 192.168.1.1, server: 0.0.0.0:443
2024/09/23 19:25:34 [info] 13640#21480: *58 SSL_do_handshake() failed (SSL: error:0A000416:SSL routines::sslv3 alert certificate unknown:SSL alert number 46) while SSL handshaking, client: 192.168.1.1, server: 0.0.0.0:443
2024/09/23 19:25:40 [info] 13640#21480: *61 SSL_do_handshake() failed (SSL: error:0A000416:SSL routines::sslv3 alert certificate unknown:SSL alert number 46) while SSL handshaking, client: 192.168.1.1, server: 0.0.0.0:443
2024/09/23 19:25:40 [info] 13640#21480: *62 client 192.168.1.1 closed keepalive connection
2024/09/23 19:26:03 [info] 13640#21480: *64 SSL_do_handshake() failed (SSL: error:0A000416:SSL routines::sslv3 alert certificate unknown:SSL alert number 46) while SSL handshaking, client: 192.168.1.1, server: 0.0.0.0:443
2024/09/23 19:26:03 [error] 13640#21480: *65 upstream prematurely closed connection while reading response header from upstream, client: 192.168.1.1, server: norbinet.asuscomm.com, request: "GET /wss HTTP/1.1", upstream: "https://100.69.13.101:8080/", host: "norbinet.asuscomm.com"
2024/09/23 19:26:03 [error] 13640#21480: *65 upstream prematurely closed connection while reading response header from upstream, client: 192.168.1.1, server: norbinet.asuscomm.com, request: "GET /wss HTTP/1.1", upstream: "https://100.69.13.101:8080/", host: "norbinet.asuscomm.com"
2024/09/23 19:26:03 [error] 13640#21480: *65 upstream prematurely closed connection while reading response header from upstream, client: 192.168.1.1, server: norbinet.asuscomm.com, request: "GET /wss HTTP/1.1", upstream: "https://100.69.13.101:8080/", host: "norbinet.asuscomm.com"
2024/09/23 19:26:03 [info] 13640#21480: *65 client 192.168.1.1 closed keepalive connection
2024/09/23 19:26:34 [info] 13640#21480: *60 client timed out (10060: A connection attempt failed because the connected party did not properly respond after a period of time, or established connection failed because connected host has failed to respond) while waiting for request, client: 192.168.1.1, server: 0.0.0.0:443
2024/09/23 19:28:16 [notice] 23440#22908: signal process started
2024/09/23 19:28:16 [notice] 11696#25964: reopening logs
2024/09/23 19:28:16 [notice] 11696#25964: reopening logs
2024/09/23 19:28:16 [notice] 13640#13780: reopening logs
2024/09/23 19:28:16 [notice] 13640#13780: reopening logs
2024/09/23 19:28:21 [info] 13640#21480: *67 SSL_do_handshake() failed (SSL: error:0A000416:SSL routines::sslv3 alert certificate unknown:SSL alert number 46) while SSL handshaking, client: 192.168.1.1, server: 0.0.0.0:443
2024/09/23 19:28:21 [info] 13640#21480: *69 SSL_do_handshake() failed (SSL: error:0A000416:SSL routines::sslv3 alert certificate unknown:SSL alert number 46) while SSL handshaking, client: 192.168.1.1, server: 0.0.0.0:443
2024/09/23 19:28:21 [info] 13640#21480: *70 SSL_do_handshake() failed (SSL: error:0A000416:SSL routines::sslv3 alert certificate unknown:SSL alert number 46) while SSL handshaking, client: 192.168.1.1, server: 0.0.0.0:443
2024/09/23 19:28:27 [info] 13640#21480: *73 SSL_do_handshake() failed (SSL: error:0A000416:SSL routines::sslv3 alert certificate unknown:SSL alert number 46) while SSL handshaking, client: 192.168.1.1, server: 0.0.0.0:443
2024/09/23 19:28:27 [info] 13640#21480: *74 client 192.168.1.1 closed keepalive connection
2024/09/23 19:31:06 [info] 13640#21480: *76 SSL_do_handshake() failed (SSL: error:0A000416:SSL routines::sslv3 alert certificate unknown:SSL alert number 46) while SSL handshaking, client: 192.168.1.1, server: 0.0.0.0:443
2024/09/23 19:31:09 [info] 13640#21480: *78 SSL_do_handshake() failed (SSL: error:0A000416:SSL routines::sslv3 alert certificate unknown:SSL alert number 46) while SSL handshaking, client: 192.168.1.1, server: 0.0.0.0:443
2024/09/23 19:31:09 [info] 13640#21480: *79 client 192.168.1.1 closed keepalive connection
2024/09/23 19:32:52 [info] 13640#21480: *77 client 192.168.1.1 closed keepalive connection
2024/09/23 19:33:19 [notice] 10412#33596: signal process started
2024/09/23 19:33:19 [notice] 11696#25964: reopening logs
2024/09/23 19:33:19 [notice] 11696#25964: reopening logs
2024/09/23 19:33:19 [notice] 13640#13780: reopening logs
2024/09/23 19:33:19 [notice] 13640#13780: reopening logs
2024/09/23 19:33:31 [info] 13640#21480: *86 SSL_do_handshake() failed (SSL: error:0A000416:SSL routines::sslv3 alert certificate unknown:SSL alert number 46) while SSL handshaking, client: 192.168.1.1, server: 0.0.0.0:443
2024/09/23 19:33:31 [info] 13640#21480: *88 SSL_do_handshake() failed (SSL: error:0A000416:SSL routines::sslv3 alert certificate unknown:SSL alert number 46) while SSL handshaking, client: 192.168.1.1, server: 0.0.0.0:443
2024/09/23 19:33:31 [info] 13640#21480: *89 SSL_do_handshake() failed (SSL: error:0A000416:SSL routines::sslv3 alert certificate unknown:SSL alert number 46) while SSL handshaking, client: 192.168.1.1, server: 0.0.0.0:443
2024/09/23 19:34:06 [info] 13640#21480: *94 SSL_do_handshake() failed (SSL: error:0A000416:SSL routines::sslv3 alert certificate unknown:SSL alert number 46) while SSL handshaking, client: 192.168.1.1, server: 0.0.0.0:443
2024/09/23 19:34:06 [error] 13640#21480: *95 upstream prematurely closed connection while reading response header from upstream, client: 192.168.1.1, server: norbinet.asuscomm.com, request: "GET /wss HTTP/1.1", upstream: "https://100.69.13.101:8080/", host: "norbinet.asuscomm.com"
2024/09/23 19:34:06 [error] 13640#21480: *95 upstream prematurely closed connection while reading response header from upstream, client: 192.168.1.1, server: norbinet.asuscomm.com, request: "GET /wss HTTP/1.1", upstream: "https://100.69.13.101:8080/", host: "norbinet.asuscomm.com"
2024/09/23 19:34:06 [error] 13640#21480: *95 upstream prematurely closed connection while reading response header from upstream, client: 192.168.1.1, server: norbinet.asuscomm.com, request: "GET /wss HTTP/1.1", upstream: "https://100.69.13.101:8080/", host: "norbinet.asuscomm.com"
2024/09/23 19:34:06 [info] 13640#21480: *95 client 192.168.1.1 closed keepalive connection
2024/09/23 19:34:31 [info] 13640#21480: *91 client timed out (10060: A connection attempt failed because the connected party did not properly respond after a period of time, or established connection failed because connected host has failed to respond) while waiting for request, client: 192.168.1.1, server: 0.0.0.0:443
2024/09/23 19:44:23 [info] 13640#21480: *97 SSL_do_handshake() failed (SSL: error:0A000416:SSL routines::sslv3 alert certificate unknown:SSL alert number 46) while SSL handshaking, client: 192.168.1.1, server: 0.0.0.0:443
2024/09/23 19:44:24 [info] 13640#21480: *99 SSL_do_handshake() failed (SSL: error:0A000416:SSL routines::sslv3 alert certificate unknown:SSL alert number 46) while SSL handshaking, client: 192.168.1.1, server: 0.0.0.0:443
2024/09/23 19:44:28 [info] 13640#21480: *101 SSL_do_handshake() failed (SSL: error:0A000416:SSL routines::sslv3 alert certificate unknown:SSL alert number 46) while SSL handshaking, client: 192.168.1.1, server: 0.0.0.0:443
2024/09/23 19:44:29 [error] 13640#21480: *102 upstream prematurely closed connection while reading response header from upstream, client: 192.168.1.1, server: norbinet.asuscomm.com, request: "GET /wss HTTP/1.1", upstream: "https://100.69.13.101:8080/", host: "norbinet.asuscomm.com"
2024/09/23 19:44:29 [error] 13640#21480: *102 upstream prematurely closed connection while reading response header from upstream, client: 192.168.1.1, server: norbinet.asuscomm.com, request: "GET /wss HTTP/1.1", upstream: "https://100.69.13.101:8080/", host: "norbinet.asuscomm.com"
2024/09/23 19:44:29 [error] 13640#21480: *102 upstream prematurely closed connection while reading response header from upstream, client: 192.168.1.1, server: norbinet.asuscomm.com, request: "GET /wss HTTP/1.1", upstream: "https://100.69.13.101:8080/", host: "norbinet.asuscomm.com"
2024/09/23 19:44:29 [info] 13640#21480: *102 client 192.168.1.1 closed keepalive connection
2024/09/23 19:54:05 [info] 13640#21480: *104 SSL_do_handshake() failed (SSL: error:0A000119:SSL routines::decryption failed or bad record mac) while SSL handshaking, client: 192.168.1.1, server: 0.0.0.0:443
2024/09/23 19:54:40 [error] 13640#21480: *105 upstream prematurely closed connection while reading response header from upstream, client: 192.168.1.1, server: norbinet.asuscomm.com, request: "GET /wss HTTP/1.1", upstream: "https://100.69.13.101:8080/", host: "norbinet.asuscomm.com"
2024/09/23 19:54:40 [error] 13640#21480: *105 upstream prematurely closed connection while reading response header from upstream, client: 192.168.1.1, server: norbinet.asuscomm.com, request: "GET /wss HTTP/1.1", upstream: "https://100.69.13.101:8080/", host: "norbinet.asuscomm.com"
2024/09/23 19:54:40 [error] 13640#21480: *105 upstream prematurely closed connection while reading response header from upstream, client: 192.168.1.1, server: norbinet.asuscomm.com, request: "GET /wss HTTP/1.1", upstream: "https://100.69.13.101:8080/", host: "norbinet.asuscomm.com"
2024/09/23 19:54:40 [info] 13640#21480: *105 client 192.168.1.1 closed keepalive connection
2024/09/23 19:54:58 [error] 13640#21480: *107 upstream prematurely closed connection while reading response header from upstream, client: 192.168.1.1, server: norbinet.asuscomm.com, request: "GET /wss HTTP/1.1", upstream: "https://100.69.13.101:8080/", host: "norbinet.asuscomm.com"
2024/09/23 19:54:58 [error] 13640#21480: *107 upstream prematurely closed connection while reading response header from upstream, client: 192.168.1.1, server: norbinet.asuscomm.com, request: "GET /wss HTTP/1.1", upstream: "https://100.69.13.101:8080/", host: "norbinet.asuscomm.com"
2024/09/23 19:54:58 [error] 13640#21480: *107 upstream prematurely closed connection while reading response header from upstream, client: 192.168.1.1, server: norbinet.asuscomm.com, request: "GET /wss HTTP/1.1", upstream: "https://100.69.13.101:8080/", host: "norbinet.asuscomm.com"
2024/09/23 19:54:58 [info] 13640#21480: *107 client 192.168.1.1 closed keepalive connection
2024/09/23 19:55:09 [error] 13640#21480: *109 upstream prematurely closed connection while reading response header from upstream, client: 192.168.1.1, server: norbinet.asuscomm.com, request: "GET /wss HTTP/1.1", upstream: "https://100.69.13.101:8080/", host: "norbinet.asuscomm.com"
2024/09/23 19:55:09 [error] 13640#21480: *109 upstream prematurely closed connection while reading response header from upstream, client: 192.168.1.1, server: norbinet.asuscomm.com, request: "GET /wss HTTP/1.1", upstream: "https://100.69.13.101:8080/", host: "norbinet.asuscomm.com"
2024/09/23 19:55:09 [error] 13640#21480: *109 upstream prematurely closed connection while reading response header from upstream, client: 192.168.1.1, server: norbinet.asuscomm.com, request: "GET /wss HTTP/1.1", upstream: "https://100.69.13.101:8080/", host: "norbinet.asuscomm.com"
2024/09/23 19:55:09 [info] 13640#21480: *109 client 192.168.1.1 closed keepalive connection
2024/09/23 19:56:35 [error] 13640#21480: *111 upstream timed out (10060: A connection attempt failed because the connected party did not properly respond after a period of time, or established connection failed because connected host has failed to respond) while reading response header from upstream, client: 192.168.1.1, server: norbinet.asuscomm.com, request: "GET /wss HTTP/1.1", upstream: "https://100.69.13.101:8080/", host: "norbinet.asuscomm.com"
2024/09/23 19:56:35 [error] 13640#21480: *111 upstream timed out (10060: A connection attempt failed because the connected party did not properly respond after a period of time, or established connection failed because connected host has failed to respond) while reading response header from upstream, client: 192.168.1.1, server: norbinet.asuscomm.com, request: "GET /wss HTTP/1.1", upstream: "https://100.69.13.101:8080/", host: "norbinet.asuscomm.com"
2024/09/23 19:56:35 [error] 13640#21480: *111 upstream timed out (10060: A connection attempt failed because the connected party did not properly respond after a period of time, or established connection failed because connected host has failed to respond) while reading response header from upstream, client: 192.168.1.1, server: norbinet.asuscomm.com, request: "GET /wss HTTP/1.1", upstream: "https://100.69.13.101:8080/", host: "norbinet.asuscomm.com"
2024/09/23 19:56:35 [info] 13640#21480: *111 client 192.168.1.1 closed keepalive connection
2024/09/23 19:59:06 [error] 13640#21480: *113 upstream prematurely closed connection while reading response header from upstream, client: 192.168.1.1, server: norbinet.asuscomm.com, request: "GET /wss HTTP/1.1", upstream: "https://100.69.13.101:8080/", host: "norbinet.asuscomm.com"
2024/09/23 19:59:06 [error] 13640#21480: *113 upstream prematurely closed connection while reading response header from upstream, client: 192.168.1.1, server: norbinet.asuscomm.com, request: "GET /wss HTTP/1.1", upstream: "https://100.69.13.101:8080/", host: "norbinet.asuscomm.com"
2024/09/23 19:59:06 [error] 13640#21480: *113 upstream prematurely closed connection while reading response header from upstream, client: 192.168.1.1, server: norbinet.asuscomm.com, request: "GET /wss HTTP/1.1", upstream: "https://100.69.13.101:8080/", host: "norbinet.asuscomm.com"
2024/09/23 19:59:06 [info] 13640#21480: *113 client 192.168.1.1 closed keepalive connection
2024/09/26 15:02:32 [notice] 15444#30016: using the "select" event method
2024/09/26 15:02:32 [notice] 15444#30016: using the "select" event method
2024/09/26 15:02:32 [notice] 15444#30016: nginx/1.26.2
2024/09/26 15:02:32 [notice] 15444#30016: nginx/1.26.2
2024/09/26 15:02:32 [info] 15444#30016: OS: 260200 build:9200, "", suite:100, type:1
2024/09/26 15:02:32 [notice] 15444#30016: start worker processes
2024/09/26 15:02:32 [notice] 15444#30016: start worker processes
2024/09/26 15:02:32 [notice] 15444#30016: start worker process 15060
2024/09/26 15:02:32 [notice] 15444#30016: start worker process 15060
2024/09/26 15:02:32 [notice] 15060#34080: nginx/1.26.2
2024/09/26 15:02:32 [notice] 15060#34080: nginx/1.26.2
2024/09/26 15:02:32 [info] 15060#34080: OS: 260200 build:9200, "", suite:100, type:1
2024/09/26 15:02:32 [notice] 15060#34080: create thread 21216
2024/09/26 15:02:32 [notice] 15060#34080: create thread 21216
2024/09/26 15:02:32 [notice] 15060#34080: create thread 11248
2024/09/26 15:02:32 [notice] 15060#34080: create thread 11248
2024/09/26 15:02:32 [notice] 15060#34080: create thread 30496
2024/09/26 15:02:32 [notice] 15060#34080: create thread 30496
2024/09/26 15:02:34 [info] 15060#21216: *1 SSL_do_handshake() failed (SSL: error:0A000416:SSL routines::sslv3 alert certificate unknown:SSL alert number 46) while SSL handshaking, client: 192.168.1.1, server: 0.0.0.0:443
2024/09/26 15:02:34 [info] 15060#21216: *2 SSL_do_handshake() failed (SSL: error:0A000416:SSL routines::sslv3 alert certificate unknown:SSL alert number 46) while SSL handshaking, client: 192.168.1.1, server: 0.0.0.0:443
2024/09/26 15:02:36 [info] 15060#21216: *3 SSL_do_handshake() failed (SSL: error:0A000416:SSL routines::sslv3 alert certificate unknown:SSL alert number 46) while SSL handshaking, client: 192.168.1.1, server: 0.0.0.0:443
2024/09/26 15:02:36 [info] 15060#21216: *5 SSL_do_handshake() failed (SSL: error:0A000416:SSL routines::sslv3 alert certificate unknown:SSL alert number 46) while SSL handshaking, client: 192.168.1.1, server: 0.0.0.0:443
2024/09/26 15:02:36 [info] 15060#21216: *6 SSL_do_handshake() failed (SSL: error:0A000416:SSL routines::sslv3 alert certificate unknown:SSL alert number 46) while SSL handshaking, client: 192.168.1.1, server: 0.0.0.0:443
2024/09/26 15:02:37 [error] 15060#21216: *7 CreateFile() "G:\Documents\Projects\HTTPServer\web/html/favicon.ico" failed (2: The system cannot find the file specified), client: 192.168.1.1, server: norbinet.asuscomm.com, request: "GET /favicon.ico HTTP/1.1", host: "norbinet.asuscomm.com", referrer: "https://norbinet.asuscomm.com/"
2024/09/26 15:02:37 [error] 15060#21216: *7 CreateFile() "G:\Documents\Projects\HTTPServer\web/html/favicon.ico" failed (2: The system cannot find the file specified), client: 192.168.1.1, server: norbinet.asuscomm.com, request: "GET /favicon.ico HTTP/1.1", host: "norbinet.asuscomm.com", referrer: "https://norbinet.asuscomm.com/"
2024/09/26 15:02:37 [error] 15060#21216: *7 CreateFile() "G:\Documents\Projects\HTTPServer\web/html/favicon.ico" failed (2: The system cannot find the file specified), client: 192.168.1.1, server: norbinet.asuscomm.com, request: "GET /favicon.ico HTTP/1.1", host: "norbinet.asuscomm.com", referrer: "https://norbinet.asuscomm.com/"
2024/09/26 15:03:26 [info] 15060#21216: *10 SSL_do_handshake() failed (SSL: error:0A000416:SSL routines::sslv3 alert certificate unknown:SSL alert number 46) while SSL handshaking, client: 192.168.1.1, server: 0.0.0.0:443
2024/09/26 15:03:30 [error] 15060#21216: *11 upstream prematurely closed connection while reading response header from upstream, client: 192.168.1.1, server: norbinet.asuscomm.com, request: "GET /wss HTTP/1.1", upstream: "https://100.69.8.70:8080/", host: "norbinet.asuscomm.com"
2024/09/26 15:03:30 [error] 15060#21216: *11 upstream prematurely closed connection while reading response header from upstream, client: 192.168.1.1, server: norbinet.asuscomm.com, request: "GET /wss HTTP/1.1", upstream: "https://100.69.8.70:8080/", host: "norbinet.asuscomm.com"
2024/09/26 15:03:30 [error] 15060#21216: *11 upstream prematurely closed connection while reading response header from upstream, client: 192.168.1.1, server: norbinet.asuscomm.com, request: "GET /wss HTTP/1.1", upstream: "https://100.69.8.70:8080/", host: "norbinet.asuscomm.com"
2024/09/26 15:03:30 [info] 15060#21216: *11 client 192.168.1.1 closed keepalive connection
2024/09/26 15:04:08 [info] 15060#21216: *13 SSL_do_handshake() failed (SSL: error:0A000416:SSL routines::sslv3 alert certificate unknown:SSL alert number 46) while SSL handshaking, client: 192.168.1.1, server: 0.0.0.0:443
2024/09/26 15:04:18 [info] 15060#21216: *15 SSL_do_handshake() failed (SSL: error:0A000416:SSL routines::sslv3 alert certificate unknown:SSL alert number 46) while SSL handshaking, client: 192.168.1.1, server: 0.0.0.0:443
2024/09/26 15:04:21 [error] 15060#21216: *16 upstream prematurely closed connection while reading response header from upstream, client: 192.168.1.1, server: norbinet.asuscomm.com, request: "GET /wss HTTP/1.1", upstream: "https://100.69.8.70:8080/", host: "norbinet.asuscomm.com"
2024/09/26 15:04:21 [error] 15060#21216: *16 upstream prematurely closed connection while reading response header from upstream, client: 192.168.1.1, server: norbinet.asuscomm.com, request: "GET /wss HTTP/1.1", upstream: "https://100.69.8.70:8080/", host: "norbinet.asuscomm.com"
2024/09/26 15:04:21 [error] 15060#21216: *16 upstream prematurely closed connection while reading response header from upstream, client: 192.168.1.1, server: norbinet.asuscomm.com, request: "GET /wss HTTP/1.1", upstream: "https://100.69.8.70:8080/", host: "norbinet.asuscomm.com"
2024/09/26 15:04:21 [info] 15060#21216: *16 client 192.168.1.1 closed keepalive connection
2024/09/26 15:13:27 [info] 15060#21216: *18 SSL_do_handshake() failed (SSL: error:0A000416:SSL routines::sslv3 alert certificate unknown:SSL alert number 46) while SSL handshaking, client: 192.168.1.1, server: 0.0.0.0:443
2024/09/26 15:14:27 [error] 15060#21216: *19 upstream timed out (10060: A connection attempt failed because the connected party did not properly respond after a period of time, or established connection failed because connected host has failed to respond) while reading response header from upstream, client: 192.168.1.1, server: norbinet.asuscomm.com, request: "GET /wss HTTP/1.1", upstream: "https://100.69.8.70:8080/", host: "norbinet.asuscomm.com"
2024/09/26 15:14:27 [error] 15060#21216: *19 upstream timed out (10060: A connection attempt failed because the connected party did not properly respond after a period of time, or established connection failed because connected host has failed to respond) while reading response header from upstream, client: 192.168.1.1, server: norbinet.asuscomm.com, request: "GET /wss HTTP/1.1", upstream: "https://100.69.8.70:8080/", host: "norbinet.asuscomm.com"
2024/09/26 15:14:27 [error] 15060#21216: *19 upstream timed out (10060: A connection attempt failed because the connected party did not properly respond after a period of time, or established connection failed because connected host has failed to respond) while reading response header from upstream, client: 192.168.1.1, server: norbinet.asuscomm.com, request: "GET /wss HTTP/1.1", upstream: "https://100.69.8.70:8080/", host: "norbinet.asuscomm.com"
2024/09/26 15:14:27 [info] 15060#21216: *19 client 192.168.1.1 closed keepalive connection
2024/09/26 15:55:55 [info] 15060#21216: *21 SSL_do_handshake() failed (SSL: error:0A000416:SSL routines::sslv3 alert certificate unknown:SSL alert number 46) while SSL handshaking, client: 192.168.1.1, server: 0.0.0.0:443
2024/09/26 15:56:03 [error] 15060#21216: *22 upstream prematurely closed connection while reading response header from upstream, client: 192.168.1.1, server: norbinet.asuscomm.com, request: "GET /wss HTTP/1.1", upstream: "https://100.69.8.70:8080/", host: "norbinet.asuscomm.com"
2024/09/26 15:56:03 [error] 15060#21216: *22 upstream prematurely closed connection while reading response header from upstream, client: 192.168.1.1, server: norbinet.asuscomm.com, request: "GET /wss HTTP/1.1", upstream: "https://100.69.8.70:8080/", host: "norbinet.asuscomm.com"
2024/09/26 15:56:03 [error] 15060#21216: *22 upstream prematurely closed connection while reading response header from upstream, client: 192.168.1.1, server: norbinet.asuscomm.com, request: "GET /wss HTTP/1.1", upstream: "https://100.69.8.70:8080/", host: "norbinet.asuscomm.com"
2024/09/26 15:56:03 [info] 15060#21216: *22 client 192.168.1.1 closed keepalive connection
2024/09/26 15:56:05 [info] 15060#21216: *24 SSL_do_handshake() failed (SSL: error:0A000416:SSL routines::sslv3 alert certificate unknown:SSL alert number 46) while SSL handshaking, client: 192.168.1.1, server: 0.0.0.0:443
2024/09/26 15:56:10 [info] 15060#21216: *27 SSL_do_handshake() failed (SSL: error:0A000416:SSL routines::sslv3 alert certificate unknown:SSL alert number 46) while SSL handshaking, client: 192.168.1.1, server: 0.0.0.0:443
2024/09/26 15:56:10 [error] 15060#21216: *28 upstream prematurely closed connection while reading response header from upstream, client: 192.168.1.1, server: norbinet.asuscomm.com, request: "GET /wss HTTP/1.1", upstream: "https://100.69.8.70:8080/", host: "norbinet.asuscomm.com"
2024/09/26 15:56:10 [error] 15060#21216: *28 upstream prematurely closed connection while reading response header from upstream, client: 192.168.1.1, server: norbinet.asuscomm.com, request: "GET /wss HTTP/1.1", upstream: "https://100.69.8.70:8080/", host: "norbinet.asuscomm.com"
2024/09/26 15:56:10 [error] 15060#21216: *28 upstream prematurely closed connection while reading response header from upstream, client: 192.168.1.1, server: norbinet.asuscomm.com, request: "GET /wss HTTP/1.1", upstream: "https://100.69.8.70:8080/", host: "norbinet.asuscomm.com"
2024/09/26 15:56:10 [info] 15060#21216: *28 client 192.168.1.1 closed keepalive connection
2024/09/26 15:57:00 [info] 15060#21216: *31 SSL_do_handshake() failed (SSL: error:0A000416:SSL routines::sslv3 alert certificate unknown:SSL alert number 46) while SSL handshaking, client: 192.168.1.1, server: 0.0.0.0:443
2024/09/26 15:57:00 [error] 15060#21216: *32 upstream prematurely closed connection while reading response header from upstream, client: 192.168.1.1, server: norbinet.asuscomm.com, request: "GET /wss HTTP/1.1", upstream: "https://100.69.8.70:8080/", host: "norbinet.asuscomm.com"
2024/09/26 15:57:00 [error] 15060#21216: *32 upstream prematurely closed connection while reading response header from upstream, client: 192.168.1.1, server: norbinet.asuscomm.com, request: "GET /wss HTTP/1.1", upstream: "https://100.69.8.70:8080/", host: "norbinet.asuscomm.com"
2024/09/26 15:57:00 [error] 15060#21216: *32 upstream prematurely closed connection while reading response header from upstream, client: 192.168.1.1, server: norbinet.asuscomm.com, request: "GET /wss HTTP/1.1", upstream: "https://100.69.8.70:8080/", host: "norbinet.asuscomm.com"
2024/09/26 15:57:00 [info] 15060#21216: *32 client 192.168.1.1 closed keepalive connection
2024/09/26 15:58:09 [info] 15060#21216: *34 SSL_do_handshake() failed (SSL: error:0A000416:SSL routines::sslv3 alert certificate unknown:SSL alert number 46) while SSL handshaking, client: 192.168.1.1, server: 0.0.0.0:443
2024/09/26 15:58:11 [info] 15060#21216: *36 SSL_do_handshake() failed (SSL: error:0A000416:SSL routines::sslv3 alert certificate unknown:SSL alert number 46) while SSL handshaking, client: 192.168.1.1, server: 0.0.0.0:443
2024/09/26 15:58:12 [info] 15060#21216: *39 SSL_do_handshake() failed (SSL: error:0A000416:SSL routines::sslv3 alert certificate unknown:SSL alert number 46) while SSL handshaking, client: 192.168.1.1, server: 0.0.0.0:443
2024/09/26 15:58:12 [error] 15060#21216: *40 upstream prematurely closed connection while reading response header from upstream, client: 192.168.1.1, server: norbinet.asuscomm.com, request: "GET /wss HTTP/1.1", upstream: "https://100.69.8.70:8080/", host: "norbinet.asuscomm.com"
2024/09/26 15:58:12 [error] 15060#21216: *40 upstream prematurely closed connection while reading response header from upstream, client: 192.168.1.1, server: norbinet.asuscomm.com, request: "GET /wss HTTP/1.1", upstream: "https://100.69.8.70:8080/", host: "norbinet.asuscomm.com"
2024/09/26 15:58:12 [error] 15060#21216: *40 upstream prematurely closed connection while reading response header from upstream, client: 192.168.1.1, server: norbinet.asuscomm.com, request: "GET /wss HTTP/1.1", upstream: "https://100.69.8.70:8080/", host: "norbinet.asuscomm.com"
2024/09/26 15:58:12 [info] 15060#21216: *40 client 192.168.1.1 closed keepalive connection
2024/09/26 15:58:42 [info] 15060#21216: *47 SSL_do_handshake() failed (SSL: error:0A000416:SSL routines::sslv3 alert certificate unknown:SSL alert number 46) while SSL handshaking, client: 192.168.1.1, server: 0.0.0.0:443
2024/09/26 15:58:42 [error] 15060#21216: *48 upstream prematurely closed connection while reading response header from upstream, client: 192.168.1.1, server: norbinet.asuscomm.com, request: "GET /wss HTTP/1.1", upstream: "https://100.69.8.70:8080/", host: "norbinet.asuscomm.com"
2024/09/26 15:58:42 [error] 15060#21216: *48 upstream prematurely closed connection while reading response header from upstream, client: 192.168.1.1, server: norbinet.asuscomm.com, request: "GET /wss HTTP/1.1", upstream: "https://100.69.8.70:8080/", host: "norbinet.asuscomm.com"
2024/09/26 15:58:42 [error] 15060#21216: *48 upstream prematurely closed connection while reading response header from upstream, client: 192.168.1.1, server: norbinet.asuscomm.com, request: "GET /wss HTTP/1.1", upstream: "https://100.69.8.70:8080/", host: "norbinet.asuscomm.com"
2024/09/26 15:58:42 [info] 15060#21216: *48 client 192.168.1.1 closed keepalive connection
2024/09/26 16:00:04 [info] 15060#21216: *50 SSL_do_handshake() failed (SSL: error:0A000416:SSL routines::sslv3 alert certificate unknown:SSL alert number 46) while SSL handshaking, client: 192.168.1.1, server: 0.0.0.0:443
2024/09/26 16:00:08 [info] 15060#21216: *53 SSL_do_handshake() failed (SSL: error:0A000416:SSL routines::sslv3 alert certificate unknown:SSL alert number 46) while SSL handshaking, client: 192.168.1.1, server: 0.0.0.0:443
2024/09/26 16:00:08 [error] 15060#21216: *54 upstream prematurely closed connection while reading response header from upstream, client: 192.168.1.1, server: norbinet.asuscomm.com, request: "GET /wss HTTP/1.1", upstream: "https://100.69.8.70:8080/", host: "norbinet.asuscomm.com"
2024/09/26 16:00:08 [error] 15060#21216: *54 upstream prematurely closed connection while reading response header from upstream, client: 192.168.1.1, server: norbinet.asuscomm.com, request: "GET /wss HTTP/1.1", upstream: "https://100.69.8.70:8080/", host: "norbinet.asuscomm.com"
2024/09/26 16:00:08 [error] 15060#21216: *54 upstream prematurely closed connection while reading response header from upstream, client: 192.168.1.1, server: norbinet.asuscomm.com, request: "GET /wss HTTP/1.1", upstream: "https://100.69.8.70:8080/", host: "norbinet.asuscomm.com"
2024/09/26 16:00:08 [info] 15060#21216: *54 client 192.168.1.1 closed keepalive connection
2024/09/26 16:00:49 [info] 15060#21216: *57 SSL_do_handshake() failed (SSL: error:0A000416:SSL routines::sslv3 alert certificate unknown:SSL alert number 46) while SSL handshaking, client: 192.168.1.1, server: 0.0.0.0:443
2024/09/26 16:00:49 [error] 15060#21216: *58 upstream prematurely closed connection while reading response header from upstream, client: 192.168.1.1, server: norbinet.asuscomm.com, request: "GET /wss HTTP/1.1", upstream: "https://100.69.8.70:8080/", host: "norbinet.asuscomm.com"
2024/09/26 16:00:49 [error] 15060#21216: *58 upstream prematurely closed connection while reading response header from upstream, client: 192.168.1.1, server: norbinet.asuscomm.com, request: "GET /wss HTTP/1.1", upstream: "https://100.69.8.70:8080/", host: "norbinet.asuscomm.com"
2024/09/26 16:00:49 [error] 15060#21216: *58 upstream prematurely closed connection while reading response header from upstream, client: 192.168.1.1, server: norbinet.asuscomm.com, request: "GET /wss HTTP/1.1", upstream: "https://100.69.8.70:8080/", host: "norbinet.asuscomm.com"
2024/09/26 16:00:49 [info] 15060#21216: *58 client 192.168.1.1 closed keepalive connection
2024/09/26 16:01:32 [info] 15060#21216: *61 SSL_do_handshake() failed (SSL: error:0A000416:SSL routines::sslv3 alert certificate unknown:SSL alert number 46) while SSL handshaking, client: 192.168.1.1, server: 0.0.0.0:443
2024/09/26 16:01:32 [error] 15060#21216: *62 upstream prematurely closed connection while reading response header from upstream, client: 192.168.1.1, server: norbinet.asuscomm.com, request: "GET /wss HTTP/1.1", upstream: "https://100.69.8.70:8080/", host: "norbinet.asuscomm.com"
2024/09/26 16:01:32 [error] 15060#21216: *62 upstream prematurely closed connection while reading response header from upstream, client: 192.168.1.1, server: norbinet.asuscomm.com, request: "GET /wss HTTP/1.1", upstream: "https://100.69.8.70:8080/", host: "norbinet.asuscomm.com"
2024/09/26 16:01:32 [error] 15060#21216: *62 upstream prematurely closed connection while reading response header from upstream, client: 192.168.1.1, server: norbinet.asuscomm.com, request: "GET /wss HTTP/1.1", upstream: "https://100.69.8.70:8080/", host: "norbinet.asuscomm.com"
2024/09/26 16:01:32 [info] 15060#21216: *62 client 192.168.1.1 closed keepalive connection
2024/09/26 16:01:54 [info] 15060#21216: *66 SSL_do_handshake() failed (SSL: error:0A000416:SSL routines::sslv3 alert certificate unknown:SSL alert number 46) while SSL handshaking, client: 192.168.1.1, server: 0.0.0.0:443
2024/09/26 16:01:54 [error] 15060#21216: *67 upstream prematurely closed connection while reading response header from upstream, client: 192.168.1.1, server: norbinet.asuscomm.com, request: "GET /wss HTTP/1.1", upstream: "https://100.69.8.70:8080/", host: "norbinet.asuscomm.com"
2024/09/26 16:01:54 [error] 15060#21216: *67 upstream prematurely closed connection while reading response header from upstream, client: 192.168.1.1, server: norbinet.asuscomm.com, request: "GET /wss HTTP/1.1", upstream: "https://100.69.8.70:8080/", host: "norbinet.asuscomm.com"
2024/09/26 16:01:54 [error] 15060#21216: *67 upstream prematurely closed connection while reading response header from upstream, client: 192.168.1.1, server: norbinet.asuscomm.com, request: "GET /wss HTTP/1.1", upstream: "https://100.69.8.70:8080/", host: "norbinet.asuscomm.com"
2024/09/26 16:01:54 [info] 15060#21216: *67 client 192.168.1.1 closed keepalive connection
2024/09/26 16:41:11 [info] 15060#21216: *69 SSL_do_handshake() failed (SSL: error:0A000416:SSL routines::sslv3 alert certificate unknown:SSL alert number 46) while SSL handshaking, client: 192.168.1.1, server: 0.0.0.0:443
2024/09/26 16:41:20 [info] 15060#21216: *74 SSL_do_handshake() failed (SSL: error:0A000416:SSL routines::sslv3 alert certificate unknown:SSL alert number 46) while SSL handshaking, client: 192.168.1.1, server: 0.0.0.0:443
2024/09/26 16:42:32 [info] 15060#21216: *77 SSL_do_handshake() failed (SSL: error:0A000416:SSL routines::sslv3 alert certificate unknown:SSL alert number 46) while SSL handshaking, client: 192.168.1.1, server: 0.0.0.0:443
2024/09/26 16:42:36 [info] 15060#21216: *82 SSL_do_handshake() failed (SSL: error:0A000416:SSL routines::sslv3 alert certificate unknown:SSL alert number 46) while SSL handshaking, client: 192.168.1.1, server: 0.0.0.0:443
2024/09/26 16:46:13 [info] 15060#21216: *85 SSL_do_handshake() failed (SSL: error:0A000416:SSL routines::sslv3 alert certificate unknown:SSL alert number 46) while SSL handshaking, client: 192.168.1.1, server: 0.0.0.0:443
2024/09/26 16:46:22 [info] 15060#21216: *90 SSL_do_handshake() failed (SSL: error:0A000416:SSL routines::sslv3 alert certificate unknown:SSL alert number 46) while SSL handshaking, client: 192.168.1.1, server: 0.0.0.0:443
2024/09/26 16:46:51 [info] 15060#21216: *94 SSL_do_handshake() failed (SSL: error:0A000416:SSL routines::sslv3 alert certificate unknown:SSL alert number 46) while SSL handshaking, client: 192.168.1.1, server: 0.0.0.0:443
2024/09/26 16:47:54 [info] 15060#21216: *95 upstream timed out (10060: A connection attempt failed because the connected party did not properly respond after a period of time, or established connection failed because connected host has failed to respond) while proxying upgraded connection, client: 192.168.1.1, server: norbinet.asuscomm.com, request: "GET /wss HTTP/1.1", upstream: "https://100.69.8.70:8080/", host: "norbinet.asuscomm.com"
2024/09/26 16:48:18 [info] 15060#21216: *97 SSL_do_handshake() failed (SSL: error:0A000416:SSL routines::sslv3 alert certificate unknown:SSL alert number 46) while SSL handshaking, client: 192.168.1.1, server: 0.0.0.0:443
2024/09/26 16:48:21 [info] 15060#21216: *102 SSL_do_handshake() failed (SSL: error:0A000416:SSL routines::sslv3 alert certificate unknown:SSL alert number 46) while SSL handshaking, client: 192.168.1.1, server: 0.0.0.0:443
2024/09/26 16:51:04 [info] 15060#21216: *105 SSL_do_handshake() failed (SSL: error:0A000416:SSL routines::sslv3 alert certificate unknown:SSL alert number 46) while SSL handshaking, client: 192.168.1.1, server: 0.0.0.0:443
2024/09/26 16:51:07 [info] 15060#21216: *110 SSL_do_handshake() failed (SSL: error:0A000416:SSL routines::sslv3 alert certificate unknown:SSL alert number 46) while SSL handshaking, client: 192.168.1.1, server: 0.0.0.0:443
2024/09/26 16:51:49 [info] 15060#21216: *106 client 192.168.1.1 closed keepalive connection
2024/09/27 06:57:17 [notice] 18368#12236: using the "select" event method
2024/09/27 06:57:17 [notice] 18368#12236: using the "select" event method
2024/09/27 06:57:17 [notice] 18368#12236: nginx/1.26.2
2024/09/27 06:57:17 [notice] 18368#12236: nginx/1.26.2
2024/09/27 06:57:17 [info] 18368#12236: OS: 260200 build:9200, "", suite:100, type:1
2024/09/27 06:57:17 [notice] 18368#12236: start worker processes
2024/09/27 06:57:17 [notice] 18368#12236: start worker processes
2024/09/27 06:57:17 [notice] 18368#12236: start worker process 19192
2024/09/27 06:57:17 [notice] 18368#12236: start worker process 19192
2024/09/27 06:57:17 [notice] 19192#40228: nginx/1.26.2
2024/09/27 06:57:17 [notice] 19192#40228: nginx/1.26.2
2024/09/27 06:57:17 [info] 19192#40228: OS: 260200 build:9200, "", suite:100, type:1
2024/09/27 06:57:17 [notice] 19192#40228: create thread 40516
2024/09/27 06:57:17 [notice] 19192#40228: create thread 40516
2024/09/27 06:57:17 [notice] 19192#40228: create thread 31468
2024/09/27 06:57:17 [notice] 19192#40228: create thread 31468
2024/09/27 06:57:17 [notice] 19192#40228: create thread 40728
2024/09/27 06:57:17 [notice] 19192#40228: create thread 40728
2024/09/27 06:57:17 [info] 19192#40516: *1 SSL_do_handshake() failed (SSL: error:0A000416:SSL routines::sslv3 alert certificate unknown:SSL alert number 46) while SSL handshaking, client: 192.168.1.1, server: 0.0.0.0:443
2024/09/27 06:57:21 [info] 19192#40516: *2 SSL_do_handshake() failed (SSL: error:0A000416:SSL routines::sslv3 alert certificate unknown:SSL alert number 46) while SSL handshaking, client: 192.168.1.1, server: 0.0.0.0:443
2024/09/27 06:57:21 [info] 19192#40516: *4 SSL_do_handshake() failed (SSL: error:0A000416:SSL routines::sslv3 alert certificate unknown:SSL alert number 46) while SSL handshaking, client: 192.168.1.1, server: 0.0.0.0:443
2024/09/27 06:57:21 [info] 19192#40516: *5 SSL_do_handshake() failed (SSL: error:0A000416:SSL routines::sslv3 alert certificate unknown:SSL alert number 46) while SSL handshaking, client: 192.168.1.1, server: 0.0.0.0:443
2024/09/27 06:57:21 [info] 19192#40516: *8 SSL_do_handshake() failed (SSL: error:0A000416:SSL routines::sslv3 alert certificate unknown:SSL alert number 46) while SSL handshaking, client: 192.168.1.1, server: 0.0.0.0:443
2024/09/27 06:57:21 [error] 19192#40516: *6 CreateFile() "G:\Documents\Projects\HTTPServer\web/html/favicon.ico" failed (2: The system cannot find the file specified), client: 192.168.1.1, server: norbinet.asuscomm.com, request: "GET /favicon.ico HTTP/1.1", host: "norbinet.asuscomm.com", referrer: "https://norbinet.asuscomm.com/"
2024/09/27 06:57:21 [error] 19192#40516: *6 CreateFile() "G:\Documents\Projects\HTTPServer\web/html/favicon.ico" failed (2: The system cannot find the file specified), client: 192.168.1.1, server: norbinet.asuscomm.com, request: "GET /favicon.ico HTTP/1.1", host: "norbinet.asuscomm.com", referrer: "https://norbinet.asuscomm.com/"
2024/09/27 06:57:21 [error] 19192#40516: *6 CreateFile() "G:\Documents\Projects\HTTPServer\web/html/favicon.ico" failed (2: The system cannot find the file specified), client: 192.168.1.1, server: norbinet.asuscomm.com, request: "GET /favicon.ico HTTP/1.1", host: "norbinet.asuscomm.com", referrer: "https://norbinet.asuscomm.com/"
2024/09/27 06:57:22 [info] 19192#40516: *9 SSL_do_handshake() failed (SSL: error:0A000416:SSL routines::sslv3 alert certificate unknown:SSL alert number 46) while SSL handshaking, client: 192.168.1.1, server: 0.0.0.0:443
2024/09/27 06:57:37 [info] 19192#40516: *12 SSL_do_handshake() failed (SSL: error:0A000416:SSL routines::sslv3 alert certificate unknown:SSL alert number 46) while SSL handshaking, client: 192.168.1.1, server: 0.0.0.0:443
2024/09/27 06:58:39 [info] 19192#40516: *13 upstream timed out (10060: A connection attempt failed because the connected party did not properly respond after a period of time, or established connection failed because connected host has failed to respond) while proxying upgraded connection, client: 192.168.1.1, server: norbinet.asuscomm.com, request: "GET /wss HTTP/1.1", upstream: "https://100.69.8.70:8080/", host: "norbinet.asuscomm.com"
2024/09/27 07:09:15 [info] 19192#40516: *15 SSL_do_handshake() failed (SSL: error:0A000416:SSL routines::sslv3 alert certificate unknown:SSL alert number 46) while SSL handshaking, client: 192.168.1.1, server: 0.0.0.0:443
2024/09/27 07:09:20 [info] 19192#40516: *20 SSL_do_handshake() failed (SSL: error:0A000416:SSL routines::sslv3 alert certificate unknown:SSL alert number 46) while SSL handshaking, client: 192.168.1.1, server: 0.0.0.0:443
2024/09/27 07:10:16 [info] 19192#40516: *24 SSL_do_handshake() failed (SSL: error:0A000416:SSL routines::sslv3 alert certificate unknown:SSL alert number 46) while SSL handshaking, client: 192.168.1.1, server: 0.0.0.0:443
2024/09/27 07:10:16 [info] 19192#40516: *25 SSL_do_handshake() failed (SSL: error:0A000416:SSL routines::sslv3 alert certificate unknown:SSL alert number 46) while SSL handshaking, client: 192.168.1.1, server: 0.0.0.0:443
2024/09/27 07:11:16 [info] 19192#40516: *27 client timed out (10060: A connection attempt failed because the connected party did not properly respond after a period of time, or established connection failed because connected host has failed to respond) while waiting for request, client: 192.168.1.1, server: 0.0.0.0:443
